"Station Type","Station Name","Region / Branch / Function","Latitude","Longitude","Connection Status"
"Main Control Center","National Telemetry Operations HQ (MWRI) - المقر القومي الشامل للتحكم","Greater Cairo Operations HQ","30.0165","31.2095","Live satellite and real-time transmission"
"Master Station","Aswan High Dam Master Station - محطة السد العالي (خزان أسوان)","Aswan & South Valley","23.9700","32.8800","Stable"
"Master Station","Delta Barrages Strategic Master - محطة قناطر الدلتا الاستراتيجية","Delta Irrigation & Drainage Network","30.1900","31.1300","Stable"
"Master Station","Siwa Oasis Central Deep Wells Master - محطة آبار واحة سيوة المركزية","Matrouh & Western Oases","29.2032","25.5189","Stable"
"Master Station","New Assiut Barrage Master Station - محطة قناطر أسيوط الجديدة","Nile Valley & Middle Egypt","27.2000","31.1900","Stable"
"Master Station","Lake Manzala Main Outlet Master - محطة مخرج بحيرة المنزلة الرئيسية","North Delta & Port Said","31.2500","32.1500","Stable"
"Master Station","Lake Burullus Main Outlet Master - محطة مخرج بحيرة البرلس الرئيسية","North Delta & Kafr El-Sheikh","31.4800","30.9800","Stable"
"Master Station","Kharga Oasis Deep Aquifer Master - محطة آبار الخارجة الجوفية","New Valley & Nubian Aquifer","25.4400","30.5500","Stable"
"Master Station","Toshka Spillway & Regulators - محطة مفيض وقناطر توشكى","Toshka Axis & South Valley","22.5000","31.5000","Stable"
"Master Station","Wadi El-Natrun Axis Intake Master - محطة مأخذ وادي النطرون المحورية","Beheira & Wadi El-Natrun","30.4100","30.3500","Stable"
"Field RTU Station","Field Telemetry Station RTU-2001","Delta Irrigation & Drainage Network","30.7770","30.6621","Stable via GSM/GPRS"
"Field RTU Station","Field Telemetry Station RTU-2002","Delta Irrigation & Drainage Network","30.5579","31.8457","Stable via GSM/GPRS"
"Field RTU Station","Field Telemetry Station RTU-2003","Delta Irrigation & Drainage Network","31.0928","30.8466","Stable via GSM/GPRS"
"Field RTU Station","Field Telemetry Station RTU-2004","Delta Irrigation & Drainage Network","30.7219","30.5677","Stable via GSM/GPRS"
"Field RTU Station","Field Telemetry Station RTU-2005","Delta Irrigation & Drainage Network","30.5783","31.7182","Stable via GSM/GPRS"
"Field RTU Station","Field Telemetry Station RTU-2006","Delta Irrigation & Drainage Network","30.9440","30.7470","Stable via GSM/GPRS"
"Field RTU Station","Field Telemetry Station RTU-2007","Delta Irrigation & Drainage Network","31.0656","31.7899","Stable via GSM/GPRS"
"Field RTU Station","Field Telemetry Station RTU-2008","Delta Irrigation & Drainage Network","31.0143","31.7913","Stable via GSM/GPRS"
"Field RTU Station","Field Telemetry Station RTU-2009","Delta Irrigation & Drainage Network","31.1100","30.6234","Stable via GSM/GPRS"
"Field RTU Station","Field Telemetry Station RTU-2010","Delta Irrigation & Drainage Network","31.1294","31.2675","Stable via GSM/GPRS"
"Field RTU Station","Field Telemetry Station RTU-2011","Delta Irrigation & Drainage Network","31.1976","30.5289","Stable via GSM/GPRS"
"Field RTU Station","Field Telemetry Station RTU-2012","Delta Irrigation & Drainage Network","30.6788","30.9814","Stable via GSM/GPRS"
"Field RTU Station","Field Telemetry Station RTU-2013","Delta Irrigation & Drainage Network","31.0306","30.7086","Stable via GSM/GPRS"
"Field RTU Station","Field Telemetry Station RTU-2014","Delta Irrigation & Drainage Network","31.2213","30.5211","Stable via GSM/GPRS"
"Field RTU Station","Field Telemetry Station RTU-2015","Delta Irrigation & Drainage Network","30.4921","31.4062","Stable via GSM/GPRS"
"Field RTU Station","Field Telemetry Station RTU-2016","Delta Irrigation & Drainage Network","30.9162","30.9968","Stable via GSM/GPRS"
"Field RTU Station","Field Telemetry Station RTU-2017","Delta Irrigation & Drainage Network","30.8855","31.6946","Stable via GSM/GPRS"
"Field RTU Station","Field Telemetry Station RTU-2018","Delta Irrigation & Drainage Network","30.6722","30.9976","Stable via GSM/GPRS"
"Field RTU Station","Field Telemetry Station RTU-2019","Delta Irrigation & Drainage Network","30.9451","31.0531","Stable via GSM/GPRS"
"Field RTU Station","Field Telemetry Station RTU-2020","Delta Irrigation & Drainage Network","30.9553","31.3828","Stable via GSM/GPRS"
"Field RTU Station","Field Telemetry Station RTU-2021","Delta Irrigation & Drainage Network","31.0361","31.5998","Stable via GSM/GPRS"
"Field RTU Station","Field Telemetry Station RTU-2022","Delta Irrigation & Drainage Network","30.4670","30.4070","Stable via GSM/GPRS"
"Field RTU Station","Field Telemetry Station RTU-2023","Delta Irrigation & Drainage Network","31.2046","30.5947","Stable via GSM/GPRS"
"Field RTU Station","Field Telemetry Station RTU-2024","Delta Irrigation & Drainage Network","30.4558","31.5656","Stable via GSM/GPRS"
"Field RTU Station","Field Telemetry Station RTU-2025","Delta Irrigation & Drainage Network","30.9916","30.8269","Stable via GSM/GPRS"
"Field RTU Station","Field Telemetry Station RTU-2026","Delta Irrigation & Drainage Network","30.7888","31.8236","Stable via GSM/GPRS"
"Field RTU Station","Field Telemetry Station RTU-2027","Delta Irrigation & Drainage Network","31.0135","31.0294","Stable via GSM/GPRS"
"Field RTU Station","Field Telemetry Station RTU-2028","Delta Irrigation & Drainage Network","30.8939","30.8149","Stable via GSM/GPRS"
"Field RTU Station","Field Telemetry Station RTU-2029","Delta Irrigation & Drainage Network","30.7907","31.2783","Stable via GSM/GPRS"
"Field RTU Station","Field Telemetry Station RTU-2030","Delta Irrigation & Drainage Network","31.1495","30.8234","Stable via GSM/GPRS"
"Field RTU Station","Field Telemetry Station RTU-2031","Delta Irrigation & Drainage Network","30.8162","30.9478","Stable via GSM/GPRS"
"Field RTU Station","Field Telemetry Station RTU-2032","Delta Irrigation & Drainage Network","30.5205","30.4643","Stable via GSM/GPRS"
"Field RTU Station","Field Telemetry Station RTU-2033","Delta Irrigation & Drainage Network","30.9186","30.7784","Stable via GSM/GPRS"
"Field RTU Station","Field Telemetry Station RTU-2034","Delta Irrigation & Drainage Network","30.6174","31.5946","Stable via GSM/GPRS"
"Field RTU Station","Field Telemetry Station RTU-2035","Delta Irrigation & Drainage Network","31.1365","31.2984","Stable via GSM/GPRS"
"Field RTU Station","Field Telemetry Station RTU-2036","Delta Irrigation & Drainage Network","30.8861","30.8199","Stable via GSM/GPRS"
"Field RTU Station","Field Telemetry Station RTU-2037","Delta Irrigation & Drainage Network","30.6565","30.8754","Stable via GSM/GPRS"
"Field RTU Station","Field Telemetry Station RTU-2038","Delta Irrigation & Drainage Network","30.7565","30.9459","Stable via GSM/GPRS"
"Field RTU Station","Field Telemetry Station RTU-2039","Delta Irrigation & Drainage Network","30.5226","31.5176","Stable via GSM/GPRS"
"Field RTU Station","Field Telemetry Station RTU-2040","Delta Irrigation & Drainage Network","30.6542","30.9731","Stable via GSM/GPRS"
"Field RTU Station","Field Telemetry Station RTU-2041","Delta Irrigation & Drainage Network","31.1971","30.4092","Stable via GSM/GPRS"
"Field RTU Station","Field Telemetry Station RTU-2042","Delta Irrigation & Drainage Network","30.6547","31.5096","Stable via GSM/GPRS"
"Field RTU Station","Field Telemetry Station RTU-2043","Delta Irrigation & Drainage Network","30.6513","30.8061","Stable via GSM/GPRS"
"Field RTU Station","Field Telemetry Station RTU-2044","Delta Irrigation & Drainage Network","31.2115","30.4969","Stable via GSM/GPRS"
"Field RTU Station","Field Telemetry Station RTU-2045","Delta Irrigation & Drainage Network","30.9158","31.0747","Stable via GSM/GPRS"
"Field RTU Station","Field Telemetry Station RTU-2046","Delta Irrigation & Drainage Network","30.7799","30.4161","Stable via GSM/GPRS"
"Field RTU Station","Field Telemetry Station RTU-2047","Delta Irrigation & Drainage Network","30.9333","31.1167","Stable via GSM/GPRS"
"Field RTU Station","Field Telemetry Station RTU-2048","Delta Irrigation & Drainage Network","30.7382","31.1893","Stable via GSM/GPRS"
"Field RTU Station","Field Telemetry Station RTU-2049","Delta Irrigation & Drainage Network","30.8791","30.8878","Stable via GSM/GPRS"
"Field RTU Station","Field Telemetry Station RTU-2050","Delta Irrigation & Drainage Network","30.6588","30.7872","Stable via GSM/GPRS"
"Field RTU Station","Field Telemetry Station RTU-2051","Delta Irrigation & Drainage Network","30.8555","31.4199","Stable via GSM/GPRS"
"Field RTU Station","Field Telemetry Station RTU-2052","Delta Irrigation & Drainage Network","30.4597","31.8902","Stable via GSM/GPRS"
"Field RTU Station","Field Telemetry Station RTU-2053","Delta Irrigation & Drainage Network","30.5683","31.5582","Stable via GSM/GPRS"
"Field RTU Station","Field Telemetry Station RTU-2054","Delta Irrigation & Drainage Network","31.1907","30.6608","Stable via GSM/GPRS"
"Field RTU Station","Field Telemetry Station RTU-2055","Delta Irrigation & Drainage Network","30.5208","31.5271","Stable via GSM/GPRS"
"Field RTU Station","Field Telemetry Station RTU-2056","Delta Irrigation & Drainage Network","31.1650","31.7729","Stable via GSM/GPRS"
"Field RTU Station","Field Telemetry Station RTU-2057","Delta Irrigation & Drainage Network","31.1784","31.4463","Stable via GSM/GPRS"
"Field RTU Station","Field Telemetry Station RTU-2058","Delta Irrigation & Drainage Network","30.6895","31.1215","Stable via GSM/GPRS"
"Field RTU Station","Field Telemetry Station RTU-2059","Delta Irrigation & Drainage Network","30.7834","31.7535","Stable via GSM/GPRS"
"Field RTU Station","Field Telemetry Station RTU-2060","Delta Irrigation & Drainage Network","31.1218","30.6421","Stable via GSM/GPRS"
"Field RTU Station","Field Telemetry Station RTU-2061","Delta Irrigation & Drainage Network","30.5019","31.8270","Stable via GSM/GPRS"
"Field RTU Station","Field Telemetry Station RTU-2062","Delta Irrigation & Drainage Network","30.6932","31.1472","Stable via GSM/GPRS"
"Field RTU Station","Field Telemetry Station RTU-2063","Delta Irrigation & Drainage Network","30.5827","30.7161","Stable via GSM/GPRS"
"Field RTU Station","Field Telemetry Station RTU-2064","Delta Irrigation & Drainage Network","31.0770","30.9036","Stable via GSM/GPRS"
"Field RTU Station","Field Telemetry Station RTU-2065","Delta Irrigation & Drainage Network","31.1487","31.1308","Stable via GSM/GPRS"
"Field RTU Station","Field Telemetry Station RTU-2066","Delta Irrigation & Drainage Network","31.1155","31.7650","Stable via GSM/GPRS"
"Field RTU Station","Field Telemetry Station RTU-2067","Delta Irrigation & Drainage Network","30.5576","31.6334","Stable via GSM/GPRS"
"Field RTU Station","Field Telemetry Station RTU-2068","Delta Irrigation & Drainage Network","30.4663","30.8401","Stable via GSM/GPRS"
"Field RTU Station","Field Telemetry Station RTU-2069","Delta Irrigation & Drainage Network","30.6031","31.2088","Stable via GSM/GPRS"
"Field RTU Station","Field Telemetry Station RTU-2070","Delta Irrigation & Drainage Network","30.9929","31.1651","Stable via GSM/GPRS"
"Field RTU Station","Field Telemetry Station RTU-2071","Delta Irrigation & Drainage Network","31.0609","30.7426","Stable via GSM/GPRS"
"Field RTU Station","Field Telemetry Station RTU-2072","Delta Irrigation & Drainage Network","30.6361","30.4837","Stable via GSM/GPRS"
"Field RTU Station","Field Telemetry Station RTU-2073","Delta Irrigation & Drainage Network","30.6228","30.6047","Stable via GSM/GPRS"
"Field RTU Station","Field Telemetry Station RTU-2074","Delta Irrigation & Drainage Network","30.9603","31.6718","Stable via GSM/GPRS"
"Field RTU Station","Field Telemetry Station RTU-2075","Delta Irrigation & Drainage Network","31.1643","31.3957","Stable via GSM/GPRS"
"Field RTU Station","Field Telemetry Station RTU-2076","Delta Irrigation & Drainage Network","31.1858","31.7939","Stable via GSM/GPRS"
"Field RTU Station","Field Telemetry Station RTU-2077","Delta Irrigation & Drainage Network","31.0919","31.5444","Stable via GSM/GPRS"
"Field RTU Station","Field Telemetry Station RTU-2078","Delta Irrigation & Drainage Network","30.8534","31.7503","Stable via GSM/GPRS"
"Field RTU Station","Field Telemetry Station RTU-2079","Delta Irrigation & Drainage Network","31.1471","31.4607","Stable via GSM/GPRS"
"Field RTU Station","Field Telemetry Station RTU-2080","Delta Irrigation & Drainage Network","31.2337","31.4496","Stable via GSM/GPRS"
"Field RTU Station","Field Telemetry Station RTU-2081","Delta Irrigation & Drainage Network","30.7561","30.9609","Stable via GSM/GPRS"
"Field RTU Station","Field Telemetry Station RTU-2082","Delta Irrigation & Drainage Network","31.2390","31.4781","Stable via GSM/GPRS"
"Field RTU Station","Field Telemetry Station RTU-2083","Delta Irrigation & Drainage Network","31.1703","31.2271","Stable via GSM/GPRS"
"Field RTU Station","Field Telemetry Station RTU-2084","Delta Irrigation & Drainage Network","30.8205","30.6021","Stable via GSM/GPRS"
"Field RTU Station","Field Telemetry Station RTU-2085","Delta Irrigation & Drainage Network","30.8645","31.1057","Stable via GSM/GPRS"
"Field RTU Station","Field Telemetry Station RTU-2086","Delta Irrigation & Drainage Network","31.0278","30.8595","Stable via GSM/GPRS"
"Field RTU Station","Field Telemetry Station RTU-2087","Delta Irrigation & Drainage Network","30.6768","31.7212","Stable via GSM/GPRS"
"Field RTU Station","Field Telemetry Station RTU-2088","Delta Irrigation & Drainage Network","30.6042","31.7363","Stable via GSM/GPRS"
"Field RTU Station","Field Telemetry Station RTU-2089","Delta Irrigation & Drainage Network","30.4708","31.4134","Stable via GSM/GPRS"
"Field RTU Station","Field Telemetry Station RTU-2090","Delta Irrigation & Drainage Network","30.8181","30.6151","Stable via GSM/GPRS"
"Field RTU Station","Field Telemetry Station RTU-2091","Delta Irrigation & Drainage Network","30.7608","30.4492","Stable via GSM/GPRS"
"Field RTU Station","Field Telemetry Station RTU-2092","Delta Irrigation & Drainage Network","30.9839","31.5025","Stable via GSM/GPRS"
"Field RTU Station","Field Telemetry Station RTU-2093","Delta Irrigation & Drainage Network","30.5172","31.3591","Stable via GSM/GPRS"
"Field RTU Station","Field Telemetry Station RTU-2094","Delta Irrigation & Drainage Network","31.1217","31.7996","Stable via GSM/GPRS"
"Field RTU Station","Field Telemetry Station RTU-2095","Delta Irrigation & Drainage Network","30.7454","31.4336","Stable via GSM/GPRS"
"Field RTU Station","Field Telemetry Station RTU-2096","Delta Irrigation & Drainage Network","31.2266","30.7602","Stable via GSM/GPRS"
"Field RTU Station","Field Telemetry Station RTU-2097","Delta Irrigation & Drainage Network","31.1794","30.9506","Stable via GSM/GPRS"
"Field RTU Station","Field Telemetry Station RTU-2098","Delta Irrigation & Drainage Network","30.7616","31.2988","Stable via GSM/GPRS"
"Field RTU Station","Field Telemetry Station RTU-2099","Delta Irrigation & Drainage Network","30.5622","30.5691","Stable via GSM/GPRS"
"Field RTU Station","Field Telemetry Station RTU-2100","Delta Irrigation & Drainage Network","30.7241","31.6873","Stable via GSM/GPRS"
"Field RTU Station","Field Telemetry Station RTU-2101","Delta Irrigation & Drainage Network","30.9306","31.2836","Stable via GSM/GPRS"
"Field RTU Station","Field Telemetry Station RTU-2102","Delta Irrigation & Drainage Network","30.6148","31.8525","Stable via GSM/GPRS"
"Field RTU Station","Field Telemetry Station RTU-2103","Delta Irrigation & Drainage Network","31.0960","31.5712","Stable via GSM/GPRS"
"Field RTU Station","Field Telemetry Station RTU-2104","Delta Irrigation & Drainage Network","30.4850","31.5694","Stable via GSM/GPRS"
"Field RTU Station","Field Telemetry Station RTU-2105","Delta Irrigation & Drainage Network","30.7426","31.3932","Stable via GSM/GPRS"
"Field RTU Station","Field Telemetry Station RTU-2106","Delta Irrigation & Drainage Network","31.1319","30.7808","Stable via GSM/GPRS"
"Field RTU Station","Field Telemetry Station RTU-2107","Delta Irrigation & Drainage Network","31.0264","31.3291","Stable via GSM/GPRS"
"Field RTU Station","Field Telemetry Station RTU-2108","Delta Irrigation & Drainage Network","30.6491","30.5767","Stable via GSM/GPRS"
"Field RTU Station","Field Telemetry Station RTU-2109","Delta Irrigation & Drainage Network","30.8913","30.8566","Stable via GSM/GPRS"
"Field RTU Station","Field Telemetry Station RTU-2110","Delta Irrigation & Drainage Network","30.9587","31.6214","Stable via GSM/GPRS"
"Field RTU Station","Field Telemetry Station RTU-2111","Delta Irrigation & Drainage Network","30.6186","31.5499","Stable via GSM/GPRS"
"Field RTU Station","Field Telemetry Station RTU-2112","Delta Irrigation & Drainage Network","31.1814","30.7105","Stable via GSM/GPRS"
"Field RTU Station","Field Telemetry Station RTU-2113","Delta Irrigation & Drainage Network","31.2110","30.7275","Stable via GSM/GPRS"
"Field RTU Station","Field Telemetry Station RTU-2114","Delta Irrigation & Drainage Network","30.9385","31.4199","Stable via GSM/GPRS"
"Field RTU Station","Field Telemetry Station RTU-2115","Delta Irrigation & Drainage Network","30.5118","30.8337","Stable via GSM/GPRS"
"Field RTU Station","Field Telemetry Station RTU-2116","Delta Irrigation & Drainage Network","30.4715","30.7253","Stable via GSM/GPRS"
"Field RTU Station","Field Telemetry Station RTU-2117","Delta Irrigation & Drainage Network","30.7712","31.1345","Stable via GSM/GPRS"
"Field RTU Station","Field Telemetry Station RTU-2118","Delta Irrigation & Drainage Network","30.5732","31.6594","Stable via GSM/GPRS"
"Field RTU Station","Field Telemetry Station RTU-2119","Delta Irrigation & Drainage Network","30.9753","30.7284","Stable via GSM/GPRS"
"Field RTU Station","Field Telemetry Station RTU-2120","Delta Irrigation & Drainage Network","31.1590","31.5050","Stable via GSM/GPRS"
"Field RTU Station","Field Telemetry Station RTU-2121","Delta Irrigation & Drainage Network","30.5111","31.1832","Stable via GSM/GPRS"
"Field RTU Station","Field Telemetry Station RTU-2122","Delta Irrigation & Drainage Network","30.4524","30.8139","Stable via GSM/GPRS"
"Field RTU Station","Field Telemetry Station RTU-2123","Delta Irrigation & Drainage Network","30.8499","31.3106","Stable via GSM/GPRS"
"Field RTU Station","Field Telemetry Station RTU-2124","Delta Irrigation & Drainage Network","30.7224","30.6191","Stable via GSM/GPRS"
"Field RTU Station","Field Telemetry Station RTU-2125","Delta Irrigation & Drainage Network","31.1233","31.7086","Stable via GSM/GPRS"
"Field RTU Station","Field Telemetry Station RTU-2126","Delta Irrigation & Drainage Network","30.6878","31.7048","Stable via GSM/GPRS"
"Field RTU Station","Field Telemetry Station RTU-2127","Delta Irrigation & Drainage Network","30.9617","30.4021","Stable via GSM/GPRS"
"Field RTU Station","Field Telemetry Station RTU-2128","Delta Irrigation & Drainage Network","30.4988","31.3197","Stable via GSM/GPRS"
"Field RTU Station","Field Telemetry Station RTU-2129","Delta Irrigation & Drainage Network","31.2429","31.7706","Stable via GSM/GPRS"
"Field RTU Station","Field Telemetry Station RTU-2130","Delta Irrigation & Drainage Network","30.5664","30.8390","Stable via GSM/GPRS"
"Field RTU Station","Field Telemetry Station RTU-2131","Delta Irrigation & Drainage Network","31.2186","30.5893","Stable via GSM/GPRS"
"Field RTU Station","Field Telemetry Station RTU-2132","Delta Irrigation & Drainage Network","31.0987","31.6077","Stable via GSM/GPRS"
"Field RTU Station","Field Telemetry Station RTU-2133","Delta Irrigation & Drainage Network","30.5713","31.8823","Stable via GSM/GPRS"
"Field RTU Station","Field Telemetry Station RTU-2134","Delta Irrigation & Drainage Network","30.8639","31.0807","Stable via GSM/GPRS"
"Field RTU Station","Field Telemetry Station RTU-2135","Delta Irrigation & Drainage Network","30.8667","30.4598","Stable via GSM/GPRS"
"Field RTU Station","Field Telemetry Station RTU-2136","Delta Irrigation & Drainage Network","30.6046","30.5020","Stable via GSM/GPRS"
"Field RTU Station","Field Telemetry Station RTU-2137","Delta Irrigation & Drainage Network","30.4643","31.8421","Stable via GSM/GPRS"
"Field RTU Station","Field Telemetry Station RTU-2138","Delta Irrigation & Drainage Network","30.7651","31.1718","Stable via GSM/GPRS"
"Field RTU Station","Field Telemetry Station RTU-2139","Delta Irrigation & Drainage Network","30.7108","31.3109","Stable via GSM/GPRS"
"Field RTU Station","Field Telemetry Station RTU-2140","Delta Irrigation & Drainage Network","30.7324","31.0512","Stable via GSM/GPRS"
"Field RTU Station","Field Telemetry Station RTU-2141","Delta Irrigation & Drainage Network","30.6094","30.7937","Stable via GSM/GPRS"
"Field RTU Station","Field Telemetry Station RTU-2142","Delta Irrigation & Drainage Network","30.6689","31.8289","Stable via GSM/GPRS"
"Field RTU Station","Field Telemetry Station RTU-2143","Delta Irrigation & Drainage Network","30.7933","31.7211","Stable via GSM/GPRS"
"Field RTU Station","Field Telemetry Station RTU-2144","Delta Irrigation & Drainage Network","31.1694","31.4579","Stable via GSM/GPRS"
"Field RTU Station","Field Telemetry Station RTU-2145","Delta Irrigation & Drainage Network","31.0173","31.8205","Stable via GSM/GPRS"
"Field RTU Station","Field Telemetry Station RTU-2146","Delta Irrigation & Drainage Network","30.8169","30.6931","Stable via GSM/GPRS"
"Field RTU Station","Field Telemetry Station RTU-2147","Delta Irrigation & Drainage Network","31.0500","31.4192","Stable via GSM/GPRS"
"Field RTU Station","Field Telemetry Station RTU-2148","Delta Irrigation & Drainage Network","30.9626","30.5499","Stable via GSM/GPRS"
"Field RTU Station","Field Telemetry Station RTU-2149","Delta Irrigation & Drainage Network","31.1486","30.9201","Stable via GSM/GPRS"
"Field RTU Station","Field Telemetry Station RTU-2150","Delta Irrigation & Drainage Network","31.1742","30.6097","Stable via GSM/GPRS"
"Field RTU Station","Field Telemetry Station RTU-2151","Delta Irrigation & Drainage Network","30.7376","30.7110","Stable via GSM/GPRS"
"Field RTU Station","Field Telemetry Station RTU-2152","Delta Irrigation & Drainage Network","30.8673","31.2893","Stable via GSM/GPRS"
"Field RTU Station","Field Telemetry Station RTU-2153","Delta Irrigation & Drainage Network","30.9443","31.4889","Stable via GSM/GPRS"
"Field RTU Station","Field Telemetry Station RTU-2154","Delta Irrigation & Drainage Network","30.5018","31.4230","Stable via GSM/GPRS"
"Field RTU Station","Field Telemetry Station RTU-2155","Delta Irrigation & Drainage Network","31.1327","31.5799","Stable via GSM/GPRS"
"Field RTU Station","Field Telemetry Station RTU-2156","Delta Irrigation & Drainage Network","31.1959","31.7434","Stable via GSM/GPRS"
"Field RTU Station","Field Telemetry Station RTU-2157","Delta Irrigation & Drainage Network","30.4828","31.3744","Stable via GSM/GPRS"
"Field RTU Station","Field Telemetry Station RTU-2158","Delta Irrigation & Drainage Network","30.7764","30.8666","Stable via GSM/GPRS"
"Field RTU Station","Field Telemetry Station RTU-2159","Delta Irrigation & Drainage Network","30.5868","30.4776","Stable via GSM/GPRS"
"Field RTU Station","Field Telemetry Station RTU-2160","Delta Irrigation & Drainage Network","30.8357","31.8215","Stable via GSM/GPRS"
"Field RTU Station","Field Telemetry Station RTU-2161","Delta Irrigation & Drainage Network","30.6272","31.1421","Stable via GSM/GPRS"
"Field RTU Station","Field Telemetry Station RTU-2162","Delta Irrigation & Drainage Network","30.5863","31.6522","Stable via GSM/GPRS"
"Field RTU Station","Field Telemetry Station RTU-2163","Delta Irrigation & Drainage Network","31.0658","30.9282","Stable via GSM/GPRS"
"Field RTU Station","Field Telemetry Station RTU-2164","Delta Irrigation & Drainage Network","30.4869","31.2899","Stable via GSM/GPRS"
"Field RTU Station","Field Telemetry Station RTU-2165","Delta Irrigation & Drainage Network","30.5656","31.1795","Stable via GSM/GPRS"
"Field RTU Station","Field Telemetry Station RTU-2166","Delta Irrigation & Drainage Network","31.2412","31.0463","Stable via GSM/GPRS"
"Field RTU Station","Field Telemetry Station RTU-2167","Delta Irrigation & Drainage Network","30.5777","30.8729","Stable via GSM/GPRS"
"Field RTU Station","Field Telemetry Station RTU-2168","Delta Irrigation & Drainage Network","31.1068","30.8643","Stable via GSM/GPRS"
"Field RTU Station","Field Telemetry Station RTU-2169","Delta Irrigation & Drainage Network","31.0747","30.6373","Stable via GSM/GPRS"
"Field RTU Station","Field Telemetry Station RTU-2170","Delta Irrigation & Drainage Network","31.0118","31.0243","Stable via GSM/GPRS"
"Field RTU Station","Field Telemetry Station RTU-2171","Delta Irrigation & Drainage Network","31.2295","31.5376","Stable via GSM/GPRS"
"Field RTU Station","Field Telemetry Station RTU-2172","Delta Irrigation & Drainage Network","30.8947","31.6489","Stable via GSM/GPRS"
"Field RTU Station","Field Telemetry Station RTU-2173","Delta Irrigation & Drainage Network","30.5911","30.9132","Stable via GSM/GPRS"
"Field RTU Station","Field Telemetry Station RTU-2174","Delta Irrigation & Drainage Network","31.0053","31.8395","Stable via GSM/GPRS"
"Field RTU Station","Field Telemetry Station RTU-2175","Delta Irrigation & Drainage Network","31.1732","31.1823","Stable via GSM/GPRS"
"Field RTU Station","Field Telemetry Station RTU-2176","Delta Irrigation & Drainage Network","30.9799","31.6347","Stable via GSM/GPRS"
"Field RTU Station","Field Telemetry Station RTU-2177","Delta Irrigation & Drainage Network","30.5252","31.5968","Stable via GSM/GPRS"
"Field RTU Station","Field Telemetry Station RTU-2178","Delta Irrigation & Drainage Network","30.9648","31.7201","Stable via GSM/GPRS"
"Field RTU Station","Field Telemetry Station RTU-2179","Delta Irrigation & Drainage Network","31.0516","30.6444","Stable via GSM/GPRS"
"Field RTU Station","Field Telemetry Station RTU-2180","Delta Irrigation & Drainage Network","30.7383","31.6288","Stable via GSM/GPRS"
"Field RTU Station","Field Telemetry Station RTU-2181","Fayoum & Bahr Youssef Basin","29.2159","30.7303","Stable via GSM/GPRS"
"Field RTU Station","Field Telemetry Station RTU-2182","Fayoum & Bahr Youssef Basin","29.2703","30.9232","Stable via GSM/GPRS"
"Field RTU Station","Field Telemetry Station RTU-2183","Fayoum & Bahr Youssef Basin","29.2959","30.9671","Stable via GSM/GPRS"
"Field RTU Station","Field Telemetry Station RTU-2184","Fayoum & Bahr Youssef Basin","29.3555","30.7041","Stable via GSM/GPRS"
"Field RTU Station","Field Telemetry Station RTU-2185","Fayoum & Bahr Youssef Basin","29.3066","30.7666","Stable via GSM/GPRS"
"Field RTU Station","Field Telemetry Station RTU-2186","Fayoum & Bahr Youssef Basin","29.4432","30.8031","Stable via GSM/GPRS"
"Field RTU Station","Field Telemetry Station RTU-2187","Fayoum & Bahr Youssef Basin","29.2964","30.7325","Stable via GSM/GPRS"
"Field RTU Station","Field Telemetry Station RTU-2188","Fayoum & Bahr Youssef Basin","29.2115","30.8637","Stable via GSM/GPRS"
"Field RTU Station","Field Telemetry Station RTU-2189","Fayoum & Bahr Youssef Basin","29.4001","30.7018","Stable via GSM/GPRS"
"Field RTU Station","Field Telemetry Station RTU-2190","Fayoum & Bahr Youssef Basin","29.1587","30.8944","Stable via GSM/GPRS"
"Field RTU Station","Field Telemetry Station RTU-2191","Fayoum & Bahr Youssef Basin","29.3200","31.0112","Stable via GSM/GPRS"
"Field RTU Station","Field Telemetry Station RTU-2192","Fayoum & Bahr Youssef Basin","29.4444","30.7847","Stable via GSM/GPRS"
"Field RTU Station","Field Telemetry Station RTU-2193","Fayoum & Bahr Youssef Basin","29.4355","30.6851","Stable via GSM/GPRS"
"Field RTU Station","Field Telemetry Station RTU-2194","Fayoum & Bahr Youssef Basin","29.4350","31.0000","Stable via GSM/GPRS"
"Field RTU Station","Field Telemetry Station RTU-2195","Fayoum & Bahr Youssef Basin","29.3768","30.6910","Stable via GSM/GPRS"
"Field RTU Station","Field Telemetry Station RTU-2196","Fayoum & Bahr Youssef Basin","29.3009","30.6572","Stable via GSM/GPRS"
"Field RTU Station","Field Telemetry Station RTU-2197","Fayoum & Bahr Youssef Basin","29.4039","30.9265","Stable via GSM/GPRS"
"Field RTU Station","Field Telemetry Station RTU-2198","Fayoum & Bahr Youssef Basin","29.3268","30.9437","Stable via GSM/GPRS"
"Field RTU Station","Field Telemetry Station RTU-2199","Fayoum & Bahr Youssef Basin","29.2673","30.8073","Stable via GSM/GPRS"
"Field RTU Station","Field Telemetry Station RTU-2200","Fayoum & Bahr Youssef Basin","29.3803","30.7582","Stable via GSM/GPRS"
"Field RTU Station","Field Telemetry Station RTU-2201","Fayoum & Bahr Youssef Basin","29.3895","30.8941","Stable via GSM/GPRS"
"Field RTU Station","Field Telemetry Station RTU-2202","Fayoum & Bahr Youssef Basin","29.2938","30.8819","Stable via GSM/GPRS"
"Field RTU Station","Field Telemetry Station RTU-2203","Fayoum & Bahr Youssef Basin","29.2329","30.9525","Stable via GSM/GPRS"
"Field RTU Station","Field Telemetry Station RTU-2204","Fayoum & Bahr Youssef Basin","29.3328","30.6409","Stable via GSM/GPRS"
"Field RTU Station","Field Telemetry Station RTU-2205","Fayoum & Bahr Youssef Basin","29.2404","30.9020","Stable via GSM/GPRS"
"Field RTU Station","Field Telemetry Station RTU-2206","Fayoum & Bahr Youssef Basin","29.3481","30.6988","Stable via GSM/GPRS"
"Field RTU Station","Field Telemetry Station RTU-2207","Fayoum & Bahr Youssef Basin","29.4161","30.7659","Stable via GSM/GPRS"
"Field RTU Station","Field Telemetry Station RTU-2208","Fayoum & Bahr Youssef Basin","29.3198","31.0144","Stable via GSM/GPRS"
"Field RTU Station","Field Telemetry Station RTU-2209","Fayoum & Bahr Youssef Basin","29.4372","30.7117","Stable via GSM/GPRS"
"Field RTU Station","Field Telemetry Station RTU-2210","Fayoum & Bahr Youssef Basin","29.1667","30.9147","Stable via GSM/GPRS"
"Field RTU Station","Field Telemetry Station RTU-2211","Fayoum & Bahr Youssef Basin","29.1742","30.8295","Stable via GSM/GPRS"
"Field RTU Station","Field Telemetry Station RTU-2212","Fayoum & Bahr Youssef Basin","29.2422","30.7753","Stable via GSM/GPRS"
"Field RTU Station","Field Telemetry Station RTU-2213","Fayoum & Bahr Youssef Basin","29.1911","30.7158","Stable via GSM/GPRS"
"Field RTU Station","Field Telemetry Station RTU-2214","Fayoum & Bahr Youssef Basin","29.2752","30.7381","Stable via GSM/GPRS"
"Field RTU Station","Field Telemetry Station RTU-2215","Fayoum & Bahr Youssef Basin","29.4430","30.7308","Stable via GSM/GPRS"
"Field RTU Station","Field Telemetry Station RTU-2216","Fayoum & Bahr Youssef Basin","29.3538","31.0301","Stable via GSM/GPRS"
"Field RTU Station","Field Telemetry Station RTU-2217","Fayoum & Bahr Youssef Basin","29.3785","30.9860","Stable via GSM/GPRS"
"Field RTU Station","Field Telemetry Station RTU-2218","Fayoum & Bahr Youssef Basin","29.3588","30.8750","Stable via GSM/GPRS"
"Field RTU Station","Field Telemetry Station RTU-2219","Fayoum & Bahr Youssef Basin","29.2873","30.6433","Stable via GSM/GPRS"
"Field RTU Station","Field Telemetry Station RTU-2220","Fayoum & Bahr Youssef Basin","29.2915","30.9582","Stable via GSM/GPRS"
"Field RTU Station","Field Telemetry Station RTU-2221","Fayoum & Bahr Youssef Basin","29.4106","30.8992","Stable via GSM/GPRS"
"Field RTU Station","Field Telemetry Station RTU-2222","Fayoum & Bahr Youssef Basin","29.4328","30.8595","Stable via GSM/GPRS"
"Field RTU Station","Field Telemetry Station RTU-2223","Fayoum & Bahr Youssef Basin","29.3062","31.0003","Stable via GSM/GPRS"
"Field RTU Station","Field Telemetry Station RTU-2224","Fayoum & Bahr Youssef Basin","29.3808","30.9841","Stable via GSM/GPRS"
"Field RTU Station","Field Telemetry Station RTU-2225","Fayoum & Bahr Youssef Basin","29.1929","30.9853","Stable via GSM/GPRS"
"Field RTU Station","Field Telemetry Station RTU-2226","Fayoum & Bahr Youssef Basin","29.3851","30.9976","Stable via GSM/GPRS"
"Field RTU Station","Field Telemetry Station RTU-2227","Fayoum & Bahr Youssef Basin","29.3894","30.9843","Stable via GSM/GPRS"
"Field RTU Station","Field Telemetry Station RTU-2228","Fayoum & Bahr Youssef Basin","29.3679","31.0131","Stable via GSM/GPRS"
"Field RTU Station","Field Telemetry Station RTU-2229","Fayoum & Bahr Youssef Basin","29.1878","30.7621","Stable via GSM/GPRS"
"Field RTU Station","Field Telemetry Station RTU-2230","Fayoum & Bahr Youssef Basin","29.3652","30.8807","Stable via GSM/GPRS"
"Field RTU Station","Field Telemetry Station RTU-2231","Fayoum & Bahr Youssef Basin","29.2751","30.9566","Stable via GSM/GPRS"
"Field RTU Station","Field Telemetry Station RTU-2232","Fayoum & Bahr Youssef Basin","29.2202","30.8627","Stable via GSM/GPRS"
"Field RTU Station","Field Telemetry Station RTU-2233","Fayoum & Bahr Youssef Basin","29.3478","30.8200","Stable via GSM/GPRS"
"Field RTU Station","Field Telemetry Station RTU-2234","Fayoum & Bahr Youssef Basin","29.2661","30.7451","Stable via GSM/GPRS"
"Field RTU Station","Field Telemetry Station RTU-2235","Fayoum & Bahr Youssef Basin","29.3580","30.8518","Stable via GSM/GPRS"
"Field RTU Station","Field Telemetry Station RTU-2236","Fayoum & Bahr Youssef Basin","29.2201","30.8599","Stable via GSM/GPRS"
"Field RTU Station","Field Telemetry Station RTU-2237","Fayoum & Bahr Youssef Basin","29.2231","30.9584","Stable via GSM/GPRS"
"Field RTU Station","Field Telemetry Station RTU-2238","Fayoum & Bahr Youssef Basin","29.1505","30.9893","Stable via GSM/GPRS"
"Field RTU Station","Field Telemetry Station RTU-2239","Fayoum & Bahr Youssef Basin","29.2424","30.8367","Stable via GSM/GPRS"
"Field RTU Station","Field Telemetry Station RTU-2240","Fayoum & Bahr Youssef Basin","29.4284","30.9283","Stable via GSM/GPRS"
"Field RTU Station","Field Telemetry Station RTU-2241","Nile Valley & Middle Egypt","26.9997","31.2032","Stable via GSM/GPRS"
"Field RTU Station","Field Telemetry Station RTU-2242","Nile Valley & Middle Egypt","26.2616","31.6463","Stable via GSM/GPRS"
"Field RTU Station","Field Telemetry Station RTU-2243","Nile Valley & Middle Egypt","25.4149","31.5816","Stable via GSM/GPRS"
"Field RTU Station","Field Telemetry Station RTU-2244","Nile Valley & Middle Egypt","26.1619","31.3737","Stable via GSM/GPRS"
"Field RTU Station","Field Telemetry Station RTU-2245","Nile Valley & Middle Egypt","26.8853","31.3986","Stable via GSM/GPRS"
"Field RTU Station","Field Telemetry Station RTU-2246","Nile Valley & Middle Egypt","26.0571","31.8292","Stable via GSM/GPRS"
"Field RTU Station","Field Telemetry Station RTU-2247","Nile Valley & Middle Egypt","25.9652","31.8888","Stable via GSM/GPRS"
"Field RTU Station","Field Telemetry Station RTU-2248","Nile Valley & Middle Egypt","26.9853","31.1484","Stable via GSM/GPRS"
"Field RTU Station","Field Telemetry Station RTU-2249","Nile Valley & Middle Egypt","25.5493","31.2634","Stable via GSM/GPRS"
"Field RTU Station","Field Telemetry Station RTU-2250","Nile Valley & Middle Egypt","26.4996","31.8293","Stable via GSM/GPRS"
"Field RTU Station","Field Telemetry Station RTU-2251","Nile Valley & Middle Egypt","27.3446","31.6176","Stable via GSM/GPRS"
"Field RTU Station","Field Telemetry Station RTU-2252","Nile Valley & Middle Egypt","25.3122","31.6644","Stable via GSM/GPRS"
"Field RTU Station","Field Telemetry Station RTU-2253","Nile Valley & Middle Egypt","27.1437","31.8331","Stable via GSM/GPRS"
"Field RTU Station","Field Telemetry Station RTU-2254","Nile Valley & Middle Egypt","25.8799","31.3759","Stable via GSM/GPRS"
"Field RTU Station","Field Telemetry Station RTU-2255","Nile Valley & Middle Egypt","25.8942","31.5700","Stable via GSM/GPRS"
"Field RTU Station","Field Telemetry Station RTU-2256","Nile Valley & Middle Egypt","26.8568","31.7704","Stable via GSM/GPRS"
"Field RTU Station","Field Telemetry Station RTU-2257","Nile Valley & Middle Egypt","25.7336","31.6077","Stable via GSM/GPRS"
"Field RTU Station","Field Telemetry Station RTU-2258","Nile Valley & Middle Egypt","27.0786","31.7635","Stable via GSM/GPRS"
"Field RTU Station","Field Telemetry Station RTU-2259","Nile Valley & Middle Egypt","27.0346","31.8295","Stable via GSM/GPRS"
"Field RTU Station","Field Telemetry Station RTU-2260","Nile Valley & Middle Egypt","27.6973","31.4772","Stable via GSM/GPRS"
"Field RTU Station","Field Telemetry Station RTU-2261","Nile Valley & Middle Egypt","25.3556","31.7007","Stable via GSM/GPRS"
"Field RTU Station","Field Telemetry Station RTU-2262","Nile Valley & Middle Egypt","26.3659","31.3905","Stable via GSM/GPRS"
"Field RTU Station","Field Telemetry Station RTU-2263","Nile Valley & Middle Egypt","26.2541","31.1350","Stable via GSM/GPRS"
"Field RTU Station","Field Telemetry Station RTU-2264","Nile Valley & Middle Egypt","27.2027","31.6020","Stable via GSM/GPRS"
"Field RTU Station","Field Telemetry Station RTU-2265","Nile Valley & Middle Egypt","25.4502","31.3448","Stable via GSM/GPRS"
"Field RTU Station","Field Telemetry Station RTU-2266","Nile Valley & Middle Egypt","27.1549","31.6692","Stable via GSM/GPRS"
"Field RTU Station","Field Telemetry Station RTU-2267","Nile Valley & Middle Egypt","27.3359","31.4796","Stable via GSM/GPRS"
"Field RTU Station","Field Telemetry Station RTU-2268","Nile Valley & Middle Egypt","27.3297","31.5710","Stable via GSM/GPRS"
"Field RTU Station","Field Telemetry Station RTU-2269","Nile Valley & Middle Egypt","27.3125","31.5499","Stable via GSM/GPRS"
"Field RTU Station","Field Telemetry Station RTU-2270","Nile Valley & Middle Egypt","25.4957","31.7161","Stable via GSM/GPRS"
"Field RTU Station","Field Telemetry Station RTU-2271","Nile Valley & Middle Egypt","26.3802","31.1381","Stable via GSM/GPRS"
"Field RTU Station","Field Telemetry Station RTU-2272","Nile Valley & Middle Egypt","26.0943","31.2863","Stable via GSM/GPRS"
"Field RTU Station","Field Telemetry Station RTU-2273","Nile Valley & Middle Egypt","27.4023","31.7425","Stable via GSM/GPRS"
"Field RTU Station","Field Telemetry Station RTU-2274","Nile Valley & Middle Egypt","27.1237","31.7339","Stable via GSM/GPRS"
"Field RTU Station","Field Telemetry Station RTU-2275","Nile Valley & Middle Egypt","26.9893","31.1581","Stable via GSM/GPRS"
"Field RTU Station","Field Telemetry Station RTU-2276","Nile Valley & Middle Egypt","25.7841","31.4799","Stable via GSM/GPRS"
"Field RTU Station","Field Telemetry Station RTU-2277","Nile Valley & Middle Egypt","26.0015","31.6960","Stable via GSM/GPRS"
"Field RTU Station","Field Telemetry Station RTU-2278","Nile Valley & Middle Egypt","26.3463","31.4109","Stable via GSM/GPRS"
"Field RTU Station","Field Telemetry Station RTU-2279","Nile Valley & Middle Egypt","26.0734","31.2730","Stable via GSM/GPRS"
"Field RTU Station","Field Telemetry Station RTU-2280","Nile Valley & Middle Egypt","25.3763","31.2065","Stable via GSM/GPRS"
"Field RTU Station","Field Telemetry Station RTU-2281","Nile Valley & Middle Egypt","25.3010","31.2272","Stable via GSM/GPRS"
"Field RTU Station","Field Telemetry Station RTU-2282","Nile Valley & Middle Egypt","27.1314","31.1095","Stable via GSM/GPRS"
"Field RTU Station","Field Telemetry Station RTU-2283","Nile Valley & Middle Egypt","25.4161","31.7451","Stable via GSM/GPRS"
"Field RTU Station","Field Telemetry Station RTU-2284","Nile Valley & Middle Egypt","26.1547","31.1580","Stable via GSM/GPRS"
"Field RTU Station","Field Telemetry Station RTU-2285","Nile Valley & Middle Egypt","26.6074","31.1621","Stable via GSM/GPRS"
"Field RTU Station","Field Telemetry Station RTU-2286","Nile Valley & Middle Egypt","27.6666","31.7332","Stable via GSM/GPRS"
"Field RTU Station","Field Telemetry Station RTU-2287","Nile Valley & Middle Egypt","27.5003","31.7129","Stable via GSM/GPRS"
"Field RTU Station","Field Telemetry Station RTU-2288","Nile Valley & Middle Egypt","26.7336","31.2290","Stable via GSM/GPRS"
"Field RTU Station","Field Telemetry Station RTU-2289","Nile Valley & Middle Egypt","26.3032","31.3882","Stable via GSM/GPRS"
"Field RTU Station","Field Telemetry Station RTU-2290","Nile Valley & Middle Egypt","25.4605","31.7077","Stable via GSM/GPRS"
"Field RTU Station","Field Telemetry Station RTU-2291","Nile Valley & Middle Egypt","27.3900","31.3061","Stable via GSM/GPRS"
"Field RTU Station","Field Telemetry Station RTU-2292","Nile Valley & Middle Egypt","27.1316","31.4918","Stable via GSM/GPRS"
"Field RTU Station","Field Telemetry Station RTU-2293","Nile Valley & Middle Egypt","27.2484","31.1992","Stable via GSM/GPRS"
"Field RTU Station","Field Telemetry Station RTU-2294","Nile Valley & Middle Egypt","25.4722","31.6040","Stable via GSM/GPRS"
"Field RTU Station","Field Telemetry Station RTU-2295","Nile Valley & Middle Egypt","27.5736","31.8784","Stable via GSM/GPRS"
"Field RTU Station","Field Telemetry Station RTU-2296","Nile Valley & Middle Egypt","26.2362","31.6179","Stable via GSM/GPRS"
"Field RTU Station","Field Telemetry Station RTU-2297","Nile Valley & Middle Egypt","26.1318","31.7456","Stable via GSM/GPRS"
"Field RTU Station","Field Telemetry Station RTU-2298","Nile Valley & Middle Egypt","26.7922","31.5142","Stable via GSM/GPRS"
"Field RTU Station","Field Telemetry Station RTU-2299","Nile Valley & Middle Egypt","26.6221","31.2410","Stable via GSM/GPRS"
"Field RTU Station","Field Telemetry Station RTU-2300","Nile Valley & Middle Egypt","25.8320","31.2203","Stable via GSM/GPRS"
"Field RTU Station","Field Telemetry Station RTU-2301","Nile Valley & Middle Egypt","26.6880","31.3620","Stable via GSM/GPRS"
"Field RTU Station","Field Telemetry Station RTU-2302","Nile Valley & Middle Egypt","26.3705","31.4307","Stable via GSM/GPRS"
"Field RTU Station","Field Telemetry Station RTU-2303","Nile Valley & Middle Egypt","25.7988","31.6554","Stable via GSM/GPRS"
"Field RTU Station","Field Telemetry Station RTU-2304","Nile Valley & Middle Egypt","25.7278","31.5885","Stable via GSM/GPRS"
"Field RTU Station","Field Telemetry Station RTU-2305","Nile Valley & Middle Egypt","26.3066","31.7919","Stable via GSM/GPRS"
"Field RTU Station","Field Telemetry Station RTU-2306","Nile Valley & Middle Egypt","25.8183","31.4381","Stable via GSM/GPRS"
"Field RTU Station","Field Telemetry Station RTU-2307","Nile Valley & Middle Egypt","27.5727","31.1467","Stable via GSM/GPRS"
"Field RTU Station","Field Telemetry Station RTU-2308","Nile Valley & Middle Egypt","27.0954","31.1801","Stable via GSM/GPRS"
"Field RTU Station","Field Telemetry Station RTU-2309","Nile Valley & Middle Egypt","25.5715","31.4061","Stable via GSM/GPRS"
"Field RTU Station","Field Telemetry Station RTU-2310","Nile Valley & Middle Egypt","26.4147","31.1508","Stable via GSM/GPRS"
"Field RTU Station","Field Telemetry Station RTU-2311","Nile Valley & Middle Egypt","27.5117","31.1716","Stable via GSM/GPRS"
"Field RTU Station","Field Telemetry Station RTU-2312","Nile Valley & Middle Egypt","26.3672","31.5494","Stable via GSM/GPRS"
"Field RTU Station","Field Telemetry Station RTU-2313","Nile Valley & Middle Egypt","25.8554","31.2128","Stable via GSM/GPRS"
"Field RTU Station","Field Telemetry Station RTU-2314","Nile Valley & Middle Egypt","27.5699","31.6693","Stable via GSM/GPRS"
"Field RTU Station","Field Telemetry Station RTU-2315","Nile Valley & Middle Egypt","27.2706","31.8288","Stable via GSM/GPRS"
"Field RTU Station","Field Telemetry Station RTU-2316","Nile Valley & Middle Egypt","26.1503","31.7096","Stable via GSM/GPRS"
"Field RTU Station","Field Telemetry Station RTU-2317","Nile Valley & Middle Egypt","26.8079","31.6851","Stable via GSM/GPRS"
"Field RTU Station","Field Telemetry Station RTU-2318","Nile Valley & Middle Egypt","25.9541","31.1082","Stable via GSM/GPRS"
"Field RTU Station","Field Telemetry Station RTU-2319","Nile Valley & Middle Egypt","26.0334","31.6591","Stable via GSM/GPRS"
"Field RTU Station","Field Telemetry Station RTU-2320","Nile Valley & Middle Egypt","26.8908","31.1951","Stable via GSM/GPRS"
"Field RTU Station","Field Telemetry Station RTU-2321","Aswan & South Valley","24.4590","32.7345","Stable via GSM/GPRS"
"Field RTU Station","Field Telemetry Station RTU-2322","Aswan & South Valley","24.2925","32.8564","Stable via GSM/GPRS"
"Field RTU Station","Field Telemetry Station RTU-2323","Aswan & South Valley","24.4326","32.6550","Stable via GSM/GPRS"
"Field RTU Station","Field Telemetry Station RTU-2324","Aswan & South Valley","24.7026","32.9522","Stable via GSM/GPRS"
"Field RTU Station","Field Telemetry Station RTU-2325","Aswan & South Valley","24.8512","32.9834","Stable via GSM/GPRS"
"Field RTU Station","Field Telemetry Station RTU-2326","Aswan & South Valley","24.7031","32.7013","Stable via GSM/GPRS"
"Field RTU Station","Field Telemetry Station RTU-2327","Aswan & South Valley","24.8434","32.7517","Stable via GSM/GPRS"
"Field RTU Station","Field Telemetry Station RTU-2328","Aswan & South Valley","24.2788","32.8217","Stable via GSM/GPRS"
"Field RTU Station","Field Telemetry Station RTU-2329","Aswan & South Valley","24.9995","32.9460","Stable via GSM/GPRS"
"Field RTU Station","Field Telemetry Station RTU-2330","Aswan & South Valley","24.4374","32.8324","Stable via GSM/GPRS"
"Field RTU Station","Field Telemetry Station RTU-2331","Aswan & South Valley","24.6493","33.0151","Stable via GSM/GPRS"
"Field RTU Station","Field Telemetry Station RTU-2332","Aswan & South Valley","24.0529","33.0454","Stable via GSM/GPRS"
"Field RTU Station","Field Telemetry Station RTU-2333","Aswan & South Valley","24.5379","33.0576","Stable via GSM/GPRS"
"Field RTU Station","Field Telemetry Station RTU-2334","Aswan & South Valley","24.9245","32.9502","Stable via GSM/GPRS"
"Field RTU Station","Field Telemetry Station RTU-2335","Aswan & South Valley","24.0272","32.6849","Stable via GSM/GPRS"
"Field RTU Station","Field Telemetry Station RTU-2336","Aswan & South Valley","24.0169","32.8591","Stable via GSM/GPRS"
"Field RTU Station","Field Telemetry Station RTU-2337","Aswan & South Valley","24.0554","32.8396","Stable via GSM/GPRS"
"Field RTU Station","Field Telemetry Station RTU-2338","Aswan & South Valley","24.6627","32.8128","Stable via GSM/GPRS"
"Field RTU Station","Field Telemetry Station RTU-2339","Aswan & South Valley","24.0734","32.7925","Stable via GSM/GPRS"
"Field RTU Station","Field Telemetry Station RTU-2340","Aswan & South Valley","24.6325","33.1367","Stable via GSM/GPRS"
"Field RTU Station","Field Telemetry Station RTU-2341","Aswan & South Valley","24.4749","33.0174","Stable via GSM/GPRS"
"Field RTU Station","Field Telemetry Station RTU-2342","Aswan & South Valley","24.2437","33.0430","Stable via GSM/GPRS"
"Field RTU Station","Field Telemetry Station RTU-2343","Aswan & South Valley","24.9636","33.0710","Stable via GSM/GPRS"
"Field RTU Station","Field Telemetry Station RTU-2344","Aswan & South Valley","24.7458","33.1474","Stable via GSM/GPRS"
"Field RTU Station","Field Telemetry Station RTU-2345","Aswan & South Valley","24.2399","32.7417","Stable via GSM/GPRS"
"Field RTU Station","Field Telemetry Station RTU-2346","Aswan & South Valley","24.1905","32.8909","Stable via GSM/GPRS"
"Field RTU Station","Field Telemetry Station RTU-2347","Aswan & South Valley","24.3895","32.6558","Stable via GSM/GPRS"
"Field RTU Station","Field Telemetry Station RTU-2348","Aswan & South Valley","24.1999","33.0738","Stable via GSM/GPRS"
"Field RTU Station","Field Telemetry Station RTU-2349","Aswan & South Valley","24.3866","32.8480","Stable via GSM/GPRS"
"Field RTU Station","Field Telemetry Station RTU-2350","Aswan & South Valley","24.9715","32.9824","Stable via GSM/GPRS"
"Field RTU Station","Field Telemetry Station RTU-2351","New Valley & Nubian Aquifer","23.7173","29.6968","Stable via GSM/GPRS"
"Field RTU Station","Field Telemetry Station RTU-2352","New Valley & Nubian Aquifer","24.3816","28.7208","Stable via GSM/GPRS"
"Field RTU Station","Field Telemetry Station RTU-2353","New Valley & Nubian Aquifer","25.9484","29.5206","Stable via GSM/GPRS"
"Field RTU Station","Field Telemetry Station RTU-2354","New Valley & Nubian Aquifer","24.6813","29.1789","Stable via GSM/GPRS"
"Field RTU Station","Field Telemetry Station RTU-2355","New Valley & Nubian Aquifer","24.1276","28.1905","Stable via GSM/GPRS"
"Field RTU Station","Field Telemetry Station RTU-2356","New Valley & Nubian Aquifer","23.7180","28.6958","Stable via GSM/GPRS"
"Field RTU Station","Field Telemetry Station RTU-2357","New Valley & Nubian Aquifer","26.2503","29.8542","Stable via GSM/GPRS"
"Field RTU Station","Field Telemetry Station RTU-2358","New Valley & Nubian Aquifer","24.4849","29.1608","Stable via GSM/GPRS"
"Field RTU Station","Field Telemetry Station RTU-2359","New Valley & Nubian Aquifer","26.0027","29.3362","Stable via GSM/GPRS"
"Field RTU Station","Field Telemetry Station RTU-2360","New Valley & Nubian Aquifer","25.9485","29.7896","Stable via GSM/GPRS"
"Field RTU Station","Field Telemetry Station RTU-2361","New Valley & Nubian Aquifer","24.8592","29.6456","Stable via GSM/GPRS"
"Field RTU Station","Field Telemetry Station RTU-2362","New Valley & Nubian Aquifer","25.8621","29.5612","Stable via GSM/GPRS"
"Field RTU Station","Field Telemetry Station RTU-2363","New Valley & Nubian Aquifer","24.2737","29.6975","Stable via GSM/GPRS"
"Field RTU Station","Field Telemetry Station RTU-2364","New Valley & Nubian Aquifer","24.9563","29.2118","Stable via GSM/GPRS"
"Field RTU Station","Field Telemetry Station RTU-2365","New Valley & Nubian Aquifer","25.9695","28.3460","Stable via GSM/GPRS"
"Field RTU Station","Field Telemetry Station RTU-2366","New Valley & Nubian Aquifer","25.8145","29.4885","Stable via GSM/GPRS"
"Field RTU Station","Field Telemetry Station RTU-2367","New Valley & Nubian Aquifer","24.8660","29.1794","Stable via GSM/GPRS"
"Field RTU Station","Field Telemetry Station RTU-2368","New Valley & Nubian Aquifer","23.9098","29.7311","Stable via GSM/GPRS"
"Field RTU Station","Field Telemetry Station RTU-2369","New Valley & Nubian Aquifer","24.3666","29.4178","Stable via GSM/GPRS"
"Field RTU Station","Field Telemetry Station RTU-2370","New Valley & Nubian Aquifer","24.4325","29.1724","Stable via GSM/GPRS"
"Field RTU Station","Field Telemetry Station RTU-2371","New Valley & Nubian Aquifer","25.7504","28.3345","Stable via GSM/GPRS"
"Field RTU Station","Field Telemetry Station RTU-2372","New Valley & Nubian Aquifer","26.1472","29.3471","Stable via GSM/GPRS"
"Field RTU Station","Field Telemetry Station RTU-2373","New Valley & Nubian Aquifer","24.7080","29.6649","Stable via GSM/GPRS"
"Field RTU Station","Field Telemetry Station RTU-2374","New Valley & Nubian Aquifer","25.9413","29.1464","Stable via GSM/GPRS"
"Field RTU Station","Field Telemetry Station RTU-2375","New Valley & Nubian Aquifer","25.3666","29.4458","Stable via GSM/GPRS"
"Field RTU Station","Field Telemetry Station RTU-2376","Toshka Axis & South Valley","22.4089","31.7287","Stable via GSM/GPRS"
"Field RTU Station","Field Telemetry Station RTU-2377","Toshka Axis & South Valley","22.4855","31.9497","Stable via GSM/GPRS"
"Field RTU Station","Field Telemetry Station RTU-2378","Toshka Axis & South Valley","22.6424","32.0460","Stable via GSM/GPRS"
"Field RTU Station","Field Telemetry Station RTU-2379","Toshka Axis & South Valley","22.4245","31.3109","Stable via GSM/GPRS"
"Field RTU Station","Field Telemetry Station RTU-2380","Toshka Axis & South Valley","22.6380","31.3141","Stable via GSM/GPRS"
"Field RTU Station","Field Telemetry Station RTU-2381","Toshka Axis & South Valley","22.7771","31.4953","Stable via GSM/GPRS"
"Field RTU Station","Field Telemetry Station RTU-2382","Toshka Axis & South Valley","22.5702","31.3836","Stable via GSM/GPRS"
"Field RTU Station","Field Telemetry Station RTU-2383","Toshka Axis & South Valley","22.6918","31.6461","Stable via GSM/GPRS"
"Field RTU Station","Field Telemetry Station RTU-2384","Toshka Axis & South Valley","22.7166","31.5333","Stable via GSM/GPRS"
"Field RTU Station","Field Telemetry Station RTU-2385","Toshka Axis & South Valley","22.4027","31.4858","Stable via GSM/GPRS"
"Field RTU Station","Field Telemetry Station RTU-2386","Toshka Axis & South Valley","22.6706","31.7017","Stable via GSM/GPRS"
"Field RTU Station","Field Telemetry Station RTU-2387","Toshka Axis & South Valley","22.4435","31.4436","Stable via GSM/GPRS"
"Field RTU Station","Field Telemetry Station RTU-2388","Toshka Axis & South Valley","22.5262","31.9565","Stable via GSM/GPRS"
"Field RTU Station","Field Telemetry Station RTU-2389","Toshka Axis & South Valley","22.6738","31.5432","Stable via GSM/GPRS"
"Field RTU Station","Field Telemetry Station RTU-2390","Toshka Axis & South Valley","22.4210","31.9472","Stable via GSM/GPRS"
"Field RTU Station","Field Telemetry Station RTU-2391","Toshka Axis & South Valley","22.4588","31.5309","Stable via GSM/GPRS"
"Field RTU Station","Field Telemetry Station RTU-2392","Toshka Axis & South Valley","22.6279","31.6829","Stable via GSM/GPRS"
"Field RTU Station","Field Telemetry Station RTU-2393","Toshka Axis & South Valley","22.6791","31.4489","Stable via GSM/GPRS"
"Field RTU Station","Field Telemetry Station RTU-2394","Toshka Axis & South Valley","22.5574","31.8737","Stable via GSM/GPRS"
"Field RTU Station","Field Telemetry Station RTU-2395","Toshka Axis & South Valley","22.4083","31.6736","Stable via GSM/GPRS"
"Field RTU Station","Field Telemetry Station RTU-2396","Toshka Axis & South Valley","22.4497","31.4331","Stable via GSM/GPRS"
"Field RTU Station","Field Telemetry Station RTU-2397","Toshka Axis & South Valley","22.8238","31.7134","Stable via GSM/GPRS"
"Field RTU Station","Field Telemetry Station RTU-2398","Toshka Axis & South Valley","22.7034","31.5220","Stable via GSM/GPRS"
"Field RTU Station","Field Telemetry Station RTU-2399","Toshka Axis & South Valley","22.3807","31.9372","Stable via GSM/GPRS"
"Field RTU Station","Field Telemetry Station RTU-2400","Toshka Axis & South Valley","22.6078","31.5751","Stable via GSM/GPRS"