,Temperature,Temperature_qa_flag,Streamflow,Streamflow_qa_flag,Gage height,Gage height_qa_flag,Station_State,Active_Alarms
2026-01-14 15:00:00+00:00,,,77.8712,VALID,0.9083039999999999,VALID,Critical,CRITICAL_ALARM: Sensor data missing or invalid
2026-01-26 05:00:00+00:00,0.10000000000000002,VALID,,,,,Critical,CRITICAL_ALARM: Sensor data missing or invalid
2026-01-26 06:00:00+00:00,0.10000000000000002,VALID,,,,,Critical,CRITICAL_ALARM: Sensor data missing or invalid
2026-01-26 07:00:00+00:00,0.10000000000000002,VALID,,,,,Critical,CRITICAL_ALARM: Sensor data missing or invalid
2026-01-26 08:00:00+00:00,0.10000000000000002,VALID,28.883136,VALID,,,Critical,CRITICAL_ALARM: Sensor data missing or invalid
2026-01-26 09:00:00+00:00,0.05000000000000001,VALID,,,,,Critical,CRITICAL_ALARM: Sensor data missing or invalid
2026-01-26 10:00:00+00:00,0.008333333333333333,VALID,,,,,Critical,CRITICAL_ALARM: Sensor data missing or invalid
2026-01-26 11:00:00+00:00,0.008333333333333333,VALID,,,,,Critical,CRITICAL_ALARM: Sensor data missing or invalid
2026-01-26 12:00:00+00:00,0.008333333333333333,VALID,29.166304,VALID,,,Critical,CRITICAL_ALARM: Sensor data missing or invalid
2026-01-26 13:00:00+00:00,0.0,VALID,,,,,Critical,CRITICAL_ALARM: Sensor data missing or invalid
2026-01-26 14:00:00+00:00,0.016666666666666666,VALID,,,,,Critical,CRITICAL_ALARM: Sensor data missing or invalid
2026-01-26 15:00:00+00:00,0.10000000000000002,VALID,,,,,Critical,CRITICAL_ALARM: Sensor data missing or invalid
2026-01-26 16:00:00+00:00,0.10000000000000002,VALID,30.865312,VALID,,,Critical,CRITICAL_ALARM: Sensor data missing or invalid
2026-01-26 17:00:00+00:00,0.10000000000000002,VALID,,,,,Critical,CRITICAL_ALARM: Sensor data missing or invalid
2026-01-26 18:00:00+00:00,0.19166666666666668,VALID,,,,,Critical,CRITICAL_ALARM: Sensor data missing or invalid
2026-01-26 19:00:00+00:00,0.20000000000000004,VALID,,,,,Critical,CRITICAL_ALARM: Sensor data missing or invalid
2026-01-26 20:00:00+00:00,0.20000000000000004,VALID,32.56432,VALID,,,Critical,CRITICAL_ALARM: Sensor data missing or invalid
2026-01-26 21:00:00+00:00,0.20000000000000004,VALID,,,,,Critical,CRITICAL_ALARM: Sensor data missing or invalid
2026-01-26 22:00:00+00:00,0.20000000000000004,VALID,,,,,Critical,CRITICAL_ALARM: Sensor data missing or invalid
2026-01-26 23:00:00+00:00,0.20000000000000004,VALID,,,,,Critical,CRITICAL_ALARM: Sensor data missing or invalid
2026-01-27 00:00:00+00:00,0.20000000000000004,VALID,31.997984,VALID,,,Critical,CRITICAL_ALARM: Sensor data missing or invalid
2026-01-27 01:00:00+00:00,0.20000000000000004,VALID,,,,,Critical,CRITICAL_ALARM: Sensor data missing or invalid
2026-01-27 02:00:00+00:00,0.20000000000000004,VALID,,,,,Critical,CRITICAL_ALARM: Sensor data missing or invalid
2026-01-27 03:00:00+00:00,0.1416666666666667,VALID,,,,,Critical,CRITICAL_ALARM: Sensor data missing or invalid
2026-01-27 04:00:00+00:00,0.10000000000000002,VALID,30.015808,VALID,,,Critical,CRITICAL_ALARM: Sensor data missing or invalid
2026-01-27 05:00:00+00:00,0.10000000000000002,VALID,,,,,Critical,CRITICAL_ALARM: Sensor data missing or invalid
2026-01-27 06:00:00+00:00,0.10833333333333334,VALID,,,,,Critical,CRITICAL_ALARM: Sensor data missing or invalid
2026-01-27 07:00:00+00:00,0.10000000000000002,VALID,,,,,Critical,CRITICAL_ALARM: Sensor data missing or invalid
2026-01-27 08:00:00+00:00,0.10000000000000002,VALID,26.8726432,VALID,,,Critical,CRITICAL_ALARM: Sensor data missing or invalid
2026-01-27 09:00:00+00:00,0.10000000000000002,VALID,,,,,Critical,CRITICAL_ALARM: Sensor data missing or invalid
2026-01-27 10:00:00+00:00,0.075,VALID,,,,,Critical,CRITICAL_ALARM: Sensor data missing or invalid
2026-01-27 11:00:00+00:00,0.008333333333333333,VALID,,,,,Critical,CRITICAL_ALARM: Sensor data missing or invalid
2026-01-27 12:00:00+00:00,0.016666666666666666,VALID,22.8233408,VALID,,,Critical,CRITICAL_ALARM: Sensor data missing or invalid
2026-01-27 13:00:00+00:00,0.0,VALID,,,,,Critical,CRITICAL_ALARM: Sensor data missing or invalid
2026-01-27 14:00:00+00:00,0.0,VALID,,,,,Critical,CRITICAL_ALARM: Sensor data missing or invalid
2026-01-27 15:00:00+00:00,0.0,VALID,,,,,Critical,CRITICAL_ALARM: Sensor data missing or invalid
2026-01-27 16:00:00+00:00,0.10000000000000002,VALID,21.7756192,VALID,,,Critical,CRITICAL_ALARM: Sensor data missing or invalid
2026-01-27 17:00:00+00:00,0.15833333333333335,VALID,,,,,Critical,CRITICAL_ALARM: Sensor data missing or invalid
2026-01-27 18:00:00+00:00,0.20000000000000004,VALID,,,0.7829005714285715,VALID,Critical,CRITICAL_ALARM: Sensor data missing or invalid
2026-01-27 19:00:00+00:00,0.24166666666666667,VALID,,,0.7840980000000001,VALID,Critical,CRITICAL_ALARM: Sensor data missing or invalid
2026-01-27 21:00:00+00:00,0.3,VALID,,,0.7744460000000001,VALID,Critical,CRITICAL_ALARM: Sensor data missing or invalid
2026-01-27 22:00:00+00:00,0.25,VALID,,,0.77089,VALID,Critical,CRITICAL_ALARM: Sensor data missing or invalid
2026-01-27 23:00:00+00:00,0.20000000000000004,VALID,,,0.770128,VALID,Critical,CRITICAL_ALARM: Sensor data missing or invalid
2026-01-28 01:00:00+00:00,0.20000000000000004,VALID,,,0.77343,VALID,Critical,CRITICAL_ALARM: Sensor data missing or invalid
2026-01-28 02:00:00+00:00,0.20000000000000004,VALID,,,0.7736840000000001,VALID,Critical,CRITICAL_ALARM: Sensor data missing or invalid
2026-01-28 03:00:00+00:00,0.20000000000000004,VALID,,,0.7749540000000001,VALID,Critical,CRITICAL_ALARM: Sensor data missing or invalid
2026-01-28 05:00:00+00:00,0.125,VALID,,,0.7785099999999999,VALID,Critical,CRITICAL_ALARM: Sensor data missing or invalid
2026-01-28 06:00:00+00:00,0.10000000000000002,VALID,,,0.7790180000000001,VALID,Critical,CRITICAL_ALARM: Sensor data missing or invalid
2026-01-28 07:00:00+00:00,0.10000000000000002,VALID,,,0.7785099999999999,VALID,Critical,CRITICAL_ALARM: Sensor data missing or invalid
2026-01-28 09:00:00+00:00,0.10000000000000002,VALID,,,0.778002,VALID,Critical,CRITICAL_ALARM: Sensor data missing or invalid
2026-01-28 10:00:00+00:00,0.10000000000000002,VALID,,,0.77978,VALID,Critical,CRITICAL_ALARM: Sensor data missing or invalid
2026-01-28 11:00:00+00:00,0.10000000000000002,VALID,,,0.782574,VALID,Critical,CRITICAL_ALARM: Sensor data missing or invalid
2026-01-28 13:00:00+00:00,0.10000000000000002,VALID,,,0.7886700000000001,VALID,Critical,CRITICAL_ALARM: Sensor data missing or invalid
2026-01-28 14:00:00+00:00,0.10000000000000002,VALID,,,0.7947660000000001,VALID,Critical,CRITICAL_ALARM: Sensor data missing or invalid
2026-01-28 15:00:00+00:00,0.15,VALID,,,0.803656,VALID,Critical,CRITICAL_ALARM: Sensor data missing or invalid
2026-01-28 17:00:00+00:00,0.21666666666666667,VALID,,,0.8328660000000001,VALID,Critical,CRITICAL_ALARM: Sensor data missing or invalid
2026-01-28 18:00:00+00:00,0.2916666666666667,VALID,,,0.834898,VALID,Critical,CRITICAL_ALARM: Sensor data missing or invalid
2026-01-28 19:00:00+00:00,0.2916666666666667,VALID,,,0.8321040000000001,VALID,Critical,CRITICAL_ALARM: Sensor data missing or invalid
2026-01-28 21:00:00+00:00,0.3,VALID,,,0.8295640000000001,VALID,Critical,CRITICAL_ALARM: Sensor data missing or invalid
2026-01-28 22:00:00+00:00,0.3,VALID,,,0.8290560000000001,VALID,Critical,CRITICAL_ALARM: Sensor data missing or invalid
2026-01-28 23:00:00+00:00,0.24166666666666667,VALID,,,0.8290560000000001,VALID,Critical,CRITICAL_ALARM: Sensor data missing or invalid
2026-01-29 01:00:00+00:00,0.20000000000000004,VALID,,,0.8285480000000001,VALID,Critical,CRITICAL_ALARM: Sensor data missing or invalid
2026-01-29 02:00:00+00:00,0.20000000000000004,VALID,,,0.8288020000000001,VALID,Critical,CRITICAL_ALARM: Sensor data missing or invalid
2026-01-29 03:00:00+00:00,0.20000000000000004,VALID,,,0.8282940000000001,VALID,Critical,CRITICAL_ALARM: Sensor data missing or invalid
2026-01-29 05:00:00+00:00,0.20000000000000004,VALID,,,0.8275320000000002,VALID,Critical,CRITICAL_ALARM: Sensor data missing or invalid
2026-01-29 06:00:00+00:00,0.17500000000000002,VALID,,,0.8265160000000001,VALID,Critical,CRITICAL_ALARM: Sensor data missing or invalid
2026-01-29 07:00:00+00:00,0.13333333333333333,VALID,,,0.8267700000000001,VALID,Critical,CRITICAL_ALARM: Sensor data missing or invalid
2026-01-29 09:00:00+00:00,0.10000000000000002,VALID,,,0.8255,VALID,Critical,CRITICAL_ALARM: Sensor data missing or invalid
2026-01-29 10:00:00+00:00,0.10000000000000002,VALID,,,0.8262620000000002,VALID,Critical,CRITICAL_ALARM: Sensor data missing or invalid
2026-01-29 11:00:00+00:00,0.10000000000000002,VALID,,,0.825246,VALID,Critical,CRITICAL_ALARM: Sensor data missing or invalid
2026-01-29 13:00:00+00:00,0.10000000000000002,VALID,,,0.8282940000000001,VALID,Critical,CRITICAL_ALARM: Sensor data missing or invalid
2026-01-29 14:00:00+00:00,0.10000000000000002,VALID,,,0.8326120000000001,VALID,Critical,CRITICAL_ALARM: Sensor data missing or invalid
2026-01-29 15:00:00+00:00,0.10000000000000002,VALID,,,0.83947,VALID,Critical,CRITICAL_ALARM: Sensor data missing or invalid
2026-01-29 17:00:00+00:00,0.20000000000000004,VALID,,,0.86233,VALID,Critical,CRITICAL_ALARM: Sensor data missing or invalid
2026-01-29 18:00:00+00:00,0.20000000000000004,VALID,,,0.863346,VALID,Critical,CRITICAL_ALARM: Sensor data missing or invalid
2026-01-29 19:00:00+00:00,0.24166666666666667,VALID,,,0.8557260000000001,VALID,Critical,CRITICAL_ALARM: Sensor data missing or invalid
2026-01-29 21:00:00+00:00,0.21666666666666667,VALID,,,0.84455,VALID,Critical,CRITICAL_ALARM: Sensor data missing or invalid
2026-01-29 22:00:00+00:00,0.20000000000000004,VALID,,,0.8417560000000001,VALID,Critical,CRITICAL_ALARM: Sensor data missing or invalid
2026-01-29 23:00:00+00:00,0.20000000000000004,VALID,,,0.8409939999999999,VALID,Critical,CRITICAL_ALARM: Sensor data missing or invalid
2026-01-30 01:00:00+00:00,0.20000000000000004,VALID,,,0.839724,VALID,Critical,CRITICAL_ALARM: Sensor data missing or invalid
2026-01-30 02:00:00+00:00,0.20000000000000004,VALID,,,0.838708,VALID,Critical,CRITICAL_ALARM: Sensor data missing or invalid
2026-01-30 03:00:00+00:00,0.20000000000000004,VALID,,,0.8376920000000001,VALID,Critical,CRITICAL_ALARM: Sensor data missing or invalid
2026-01-30 05:00:00+00:00,0.20000000000000004,VALID,,,0.834644,VALID,Critical,CRITICAL_ALARM: Sensor data missing or invalid
2026-01-30 06:00:00+00:00,0.17500000000000002,VALID,,,0.8321040000000001,VALID,Critical,CRITICAL_ALARM: Sensor data missing or invalid
2026-01-30 07:00:00+00:00,0.15833333333333335,VALID,,,0.8318500000000001,VALID,Critical,CRITICAL_ALARM: Sensor data missing or invalid
2026-01-30 09:00:00+00:00,0.10000000000000002,VALID,,,0.8293100000000001,VALID,Critical,CRITICAL_ALARM: Sensor data missing or invalid
2026-01-30 10:00:00+00:00,0.11666666666666668,VALID,,,0.830326,VALID,Critical,CRITICAL_ALARM: Sensor data missing or invalid
2026-01-30 11:00:00+00:00,0.10000000000000002,VALID,,,0.830326,VALID,Critical,CRITICAL_ALARM: Sensor data missing or invalid
2026-01-30 13:00:00+00:00,0.10000000000000002,VALID,,,0.8333740000000001,VALID,Critical,CRITICAL_ALARM: Sensor data missing or invalid
2026-01-30 14:00:00+00:00,0.10000000000000002,VALID,,,0.838962,VALID,Critical,CRITICAL_ALARM: Sensor data missing or invalid
2026-01-30 15:00:00+00:00,0.11666666666666668,VALID,,,0.847344,VALID,Critical,CRITICAL_ALARM: Sensor data missing or invalid
2026-01-30 17:00:00+00:00,0.20833333333333334,VALID,,,0.86741,VALID,Critical,CRITICAL_ALARM: Sensor data missing or invalid
2026-01-30 18:00:00+00:00,0.25,VALID,,,0.86868,VALID,Critical,CRITICAL_ALARM: Sensor data missing or invalid
2026-01-30 19:00:00+00:00,0.3083333333333333,VALID,,,0.862076,VALID,Critical,CRITICAL_ALARM: Sensor data missing or invalid
2026-01-30 21:00:00+00:00,0.2916666666666667,VALID,,,0.856488,VALID,Critical,CRITICAL_ALARM: Sensor data missing or invalid
2026-01-30 22:00:00+00:00,0.2916666666666667,VALID,,,0.8554720000000001,VALID,Critical,CRITICAL_ALARM: Sensor data missing or invalid
2026-01-30 23:00:00+00:00,0.26666666666666666,VALID,,,0.856234,VALID,Critical,CRITICAL_ALARM: Sensor data missing or invalid
2026-01-31 01:00:00+00:00,0.225,VALID,,,0.859536,VALID,Critical,CRITICAL_ALARM: Sensor data missing or invalid
2026-01-31 02:00:00+00:00,0.20833333333333334,VALID,,,0.859536,VALID,Critical,CRITICAL_ALARM: Sensor data missing or invalid
2026-01-31 03:00:00+00:00,0.20000000000000004,VALID,,,0.859536,VALID,Critical,CRITICAL_ALARM: Sensor data missing or invalid
2026-01-31 05:00:00+00:00,0.20000000000000004,VALID,,,0.859536,VALID,Critical,CRITICAL_ALARM: Sensor data missing or invalid
2026-01-31 06:00:00+00:00,0.20000000000000004,VALID,,,0.857758,VALID,Critical,CRITICAL_ALARM: Sensor data missing or invalid
2026-01-31 07:00:00+00:00,0.20000000000000004,VALID,,,0.856488,VALID,Critical,CRITICAL_ALARM: Sensor data missing or invalid
2026-01-31 09:00:00+00:00,0.20000000000000004,VALID,,,0.856234,VALID,Critical,CRITICAL_ALARM: Sensor data missing or invalid
2026-01-31 10:00:00+00:00,0.19166666666666668,VALID,,,0.8559800000000001,VALID,Critical,CRITICAL_ALARM: Sensor data missing or invalid
2026-01-31 11:00:00+00:00,0.19166666666666668,VALID,,,0.856488,VALID,Critical,CRITICAL_ALARM: Sensor data missing or invalid
2026-01-31 13:00:00+00:00,0.13333333333333333,VALID,,,0.85852,VALID,Critical,CRITICAL_ALARM: Sensor data missing or invalid
2026-01-31 14:00:00+00:00,0.17500000000000002,VALID,,,0.862076,VALID,Critical,CRITICAL_ALARM: Sensor data missing or invalid
2026-01-31 15:00:00+00:00,0.17500000000000002,VALID,,,0.8717280000000001,VALID,Critical,CRITICAL_ALARM: Sensor data missing or invalid
2026-01-31 17:00:00+00:00,0.20833333333333334,VALID,,,0.892302,VALID,Critical,CRITICAL_ALARM: Sensor data missing or invalid
2026-01-31 18:00:00+00:00,0.25,VALID,,,0.8872220000000001,VALID,Critical,CRITICAL_ALARM: Sensor data missing or invalid
2026-01-31 19:00:00+00:00,0.25833333333333336,VALID,,,0.8796020000000001,VALID,Critical,CRITICAL_ALARM: Sensor data missing or invalid
2026-01-31 21:00:00+00:00,0.2833333333333333,VALID,,,0.8742680000000002,VALID,Critical,CRITICAL_ALARM: Sensor data missing or invalid
2026-01-31 22:00:00+00:00,0.24166666666666667,VALID,,,0.8745220000000001,VALID,Critical,CRITICAL_ALARM: Sensor data missing or invalid
2026-01-31 23:00:00+00:00,0.24166666666666667,VALID,,,0.8750300000000001,VALID,Critical,CRITICAL_ALARM: Sensor data missing or invalid
2026-02-01 01:00:00+00:00,0.2333333333333333,VALID,,,0.8742680000000002,VALID,Critical,CRITICAL_ALARM: Sensor data missing or invalid
2026-02-01 02:00:00+00:00,0.25,VALID,,,0.8742680000000002,VALID,Critical,CRITICAL_ALARM: Sensor data missing or invalid
2026-02-01 03:00:00+00:00,0.21666666666666667,VALID,,,0.8740140000000002,VALID,Critical,CRITICAL_ALARM: Sensor data missing or invalid
2026-02-01 05:00:00+00:00,0.20833333333333334,VALID,,,0.868934,VALID,Critical,CRITICAL_ALARM: Sensor data missing or invalid
2026-02-01 06:00:00+00:00,0.20000000000000004,VALID,,,0.866394,VALID,Critical,CRITICAL_ALARM: Sensor data missing or invalid
2026-02-01 07:00:00+00:00,0.20000000000000004,VALID,,,0.863854,VALID,Critical,CRITICAL_ALARM: Sensor data missing or invalid
2026-02-01 09:00:00+00:00,0.20000000000000004,VALID,,,0.86233,VALID,Critical,CRITICAL_ALARM: Sensor data missing or invalid
2026-02-01 10:00:00+00:00,0.20000000000000004,VALID,,,0.8608060000000001,VALID,Critical,CRITICAL_ALARM: Sensor data missing or invalid
2026-02-01 11:00:00+00:00,0.16666666666666666,VALID,,,0.8602979999999999,VALID,Critical,CRITICAL_ALARM: Sensor data missing or invalid
2026-02-01 13:00:00+00:00,0.13333333333333333,VALID,,,0.857758,VALID,Critical,CRITICAL_ALARM: Sensor data missing or invalid
2026-02-01 14:00:00+00:00,0.10833333333333334,VALID,,,0.8597899999999999,VALID,Critical,CRITICAL_ALARM: Sensor data missing or invalid
2026-02-01 15:00:00+00:00,0.10000000000000002,VALID,,,0.86614,VALID,Critical,CRITICAL_ALARM: Sensor data missing or invalid
2026-02-01 17:00:00+00:00,0.20000000000000004,VALID,,,0.8872220000000001,VALID,Critical,CRITICAL_ALARM: Sensor data missing or invalid
2026-02-01 18:00:00+00:00,0.21666666666666667,VALID,,,0.8844280000000001,VALID,Critical,CRITICAL_ALARM: Sensor data missing or invalid
2026-02-01 19:00:00+00:00,0.25833333333333336,VALID,,,0.878586,VALID,Critical,CRITICAL_ALARM: Sensor data missing or invalid
2026-02-01 21:00:00+00:00,0.2333333333333333,VALID,,,0.8707120000000002,VALID,Critical,CRITICAL_ALARM: Sensor data missing or invalid
2026-02-01 22:00:00+00:00,0.2833333333333333,VALID,,,0.8679180000000001,VALID,Critical,CRITICAL_ALARM: Sensor data missing or invalid
2026-02-01 23:00:00+00:00,0.3,VALID,,,0.8669020000000001,VALID,Critical,CRITICAL_ALARM: Sensor data missing or invalid
2026-02-02 01:00:00+00:00,0.20833333333333334,VALID,,,0.866394,VALID,Critical,CRITICAL_ALARM: Sensor data missing or invalid
2026-02-02 02:00:00+00:00,0.21666666666666667,VALID,,,0.8656320000000001,VALID,Critical,CRITICAL_ALARM: Sensor data missing or invalid
2026-02-02 03:00:00+00:00,0.2333333333333333,VALID,,,0.8651239999999999,VALID,Critical,CRITICAL_ALARM: Sensor data missing or invalid
2026-02-02 05:00:00+00:00,0.20000000000000004,VALID,,,0.8602979999999999,VALID,Critical,CRITICAL_ALARM: Sensor data missing or invalid
2026-02-02 06:00:00+00:00,0.20000000000000004,VALID,,,0.85725,VALID,Critical,CRITICAL_ALARM: Sensor data missing or invalid
2026-02-02 07:00:00+00:00,0.20000000000000004,VALID,,,0.8557260000000001,VALID,Critical,CRITICAL_ALARM: Sensor data missing or invalid
2026-02-02 09:00:00+00:00,0.18333333333333335,VALID,,,0.8554720000000001,VALID,Critical,CRITICAL_ALARM: Sensor data missing or invalid
2026-02-02 10:00:00+00:00,0.16666666666666666,VALID,,,0.8552179999999999,VALID,Critical,CRITICAL_ALARM: Sensor data missing or invalid
2026-02-02 11:00:00+00:00,0.11666666666666668,VALID,,,0.8557260000000001,VALID,Critical,CRITICAL_ALARM: Sensor data missing or invalid
2026-02-02 13:00:00+00:00,0.125,VALID,,,0.858012,VALID,Critical,CRITICAL_ALARM: Sensor data missing or invalid
2026-02-02 14:00:00+00:00,0.11666666666666668,VALID,,,0.863854,VALID,Critical,CRITICAL_ALARM: Sensor data missing or invalid
2026-02-02 15:00:00+00:00,0.10833333333333334,VALID,,,0.873252,VALID,Critical,CRITICAL_ALARM: Sensor data missing or invalid
2026-02-02 17:00:00+00:00,0.21666666666666667,VALID,,,0.9029699999999999,VALID,Critical,CRITICAL_ALARM: Sensor data missing or invalid
2026-02-02 18:00:00+00:00,0.27499999999999997,VALID,,,0.8950960000000001,VALID,Critical,CRITICAL_ALARM: Sensor data missing or invalid
2026-02-02 19:00:00+00:00,0.2916666666666667,VALID,,,0.886206,VALID,Critical,CRITICAL_ALARM: Sensor data missing or invalid
2026-02-02 21:00:00+00:00,0.25,VALID,,,0.8763000000000001,VALID,Critical,CRITICAL_ALARM: Sensor data missing or invalid
2026-02-02 22:00:00+00:00,0.2833333333333333,VALID,,,0.8717280000000001,VALID,Critical,CRITICAL_ALARM: Sensor data missing or invalid
2026-02-02 23:00:00+00:00,0.2916666666666667,VALID,,,0.8689340000000002,VALID,Critical,CRITICAL_ALARM: Sensor data missing or invalid
2026-02-03 01:00:00+00:00,0.24166666666666667,VALID,,,0.864362,VALID,Critical,CRITICAL_ALARM: Sensor data missing or invalid
2026-02-03 02:00:00+00:00,0.26666666666666666,VALID,,,0.862584,VALID,Critical,CRITICAL_ALARM: Sensor data missing or invalid
2026-02-03 03:00:00+00:00,0.225,VALID,,,0.86106,VALID,Critical,CRITICAL_ALARM: Sensor data missing or invalid
2026-02-03 05:00:00+00:00,0.20000000000000004,VALID,,,0.858266,VALID,Critical,CRITICAL_ALARM: Sensor data missing or invalid
2026-02-03 06:00:00+00:00,0.20000000000000004,VALID,,,0.856488,VALID,Critical,CRITICAL_ALARM: Sensor data missing or invalid
2026-02-03 07:00:00+00:00,0.20000000000000004,VALID,,,0.854964,VALID,Critical,CRITICAL_ALARM: Sensor data missing or invalid
2026-02-03 09:00:00+00:00,0.20000000000000004,VALID,,,0.85344,VALID,Critical,CRITICAL_ALARM: Sensor data missing or invalid
2026-02-03 10:00:00+00:00,0.20000000000000004,VALID,,,0.853694,VALID,Critical,CRITICAL_ALARM: Sensor data missing or invalid
2026-02-03 11:00:00+00:00,0.19166666666666668,VALID,,,0.853694,VALID,Critical,CRITICAL_ALARM: Sensor data missing or invalid
2026-02-03 13:00:00+00:00,0.20000000000000004,VALID,,,0.856742,VALID,Critical,CRITICAL_ALARM: Sensor data missing or invalid
2026-02-03 14:00:00+00:00,0.17500000000000002,VALID,,,0.859282,VALID,Critical,CRITICAL_ALARM: Sensor data missing or invalid
2026-02-03 15:00:00+00:00,0.20000000000000004,VALID,,,0.859282,VALID,Critical,CRITICAL_ALARM: Sensor data missing or invalid
2026-02-03 17:00:00+00:00,0.225,VALID,,,0.859536,VALID,Critical,CRITICAL_ALARM: Sensor data missing or invalid
2026-02-03 18:00:00+00:00,0.25833333333333336,VALID,,,0.859536,VALID,Critical,CRITICAL_ALARM: Sensor data missing or invalid
2026-02-03 19:00:00+00:00,0.3,VALID,,,0.859536,VALID,Critical,CRITICAL_ALARM: Sensor data missing or invalid
2026-02-03 21:00:00+00:00,0.27499999999999997,VALID,,,0.857758,VALID,Critical,CRITICAL_ALARM: Sensor data missing or invalid
2026-02-03 22:00:00+00:00,0.3,VALID,,,0.856742,VALID,Critical,CRITICAL_ALARM: Sensor data missing or invalid
2026-02-03 23:00:00+00:00,0.2833333333333333,VALID,,,0.856488,VALID,Critical,CRITICAL_ALARM: Sensor data missing or invalid
2026-02-04 01:00:00+00:00,0.3083333333333333,VALID,,,0.856488,VALID,Critical,CRITICAL_ALARM: Sensor data missing or invalid
2026-02-04 02:00:00+00:00,0.2833333333333333,VALID,,,0.856234,VALID,Critical,CRITICAL_ALARM: Sensor data missing or invalid
2026-02-04 03:00:00+00:00,0.2916666666666667,VALID,,,0.853694,VALID,Critical,CRITICAL_ALARM: Sensor data missing or invalid
2026-02-04 05:00:00+00:00,0.3,VALID,,,0.8509000000000001,VALID,Critical,CRITICAL_ALARM: Sensor data missing or invalid
2026-02-04 06:00:00+00:00,0.2916666666666667,VALID,,,0.8503919999999999,VALID,Critical,CRITICAL_ALARM: Sensor data missing or invalid
2026-02-04 07:00:00+00:00,0.2833333333333333,VALID,,,0.848614,VALID,Critical,CRITICAL_ALARM: Sensor data missing or invalid
2026-02-04 09:00:00+00:00,0.21666666666666667,VALID,,,0.847344,VALID,Critical,CRITICAL_ALARM: Sensor data missing or invalid
2026-02-04 10:00:00+00:00,0.20833333333333334,VALID,,,0.84709,VALID,Critical,CRITICAL_ALARM: Sensor data missing or invalid
2026-02-04 11:00:00+00:00,0.20000000000000004,VALID,,,0.8463280000000001,VALID,Critical,CRITICAL_ALARM: Sensor data missing or invalid
2026-02-04 13:00:00+00:00,0.20000000000000004,VALID,,,0.844296,VALID,Critical,CRITICAL_ALARM: Sensor data missing or invalid
2026-02-04 14:00:00+00:00,0.20000000000000004,VALID,,,0.844296,VALID,Critical,CRITICAL_ALARM: Sensor data missing or invalid
2026-02-04 15:00:00+00:00,0.20000000000000004,VALID,,,0.8458200000000001,VALID,Critical,CRITICAL_ALARM: Sensor data missing or invalid
2026-02-04 17:00:00+00:00,0.25,VALID,,,0.8463280000000001,VALID,Critical,CRITICAL_ALARM: Sensor data missing or invalid
2026-02-04 18:00:00+00:00,0.3,VALID,,,0.846836,VALID,Critical,CRITICAL_ALARM: Sensor data missing or invalid
2026-02-04 19:00:00+00:00,0.3,VALID,,,0.846836,VALID,Critical,CRITICAL_ALARM: Sensor data missing or invalid
2026-02-04 21:00:00+00:00,0.2916666666666667,VALID,,,0.8465820000000001,VALID,Critical,CRITICAL_ALARM: Sensor data missing or invalid
2026-02-04 22:00:00+00:00,0.3,VALID,,,0.847344,VALID,Critical,CRITICAL_ALARM: Sensor data missing or invalid
2026-02-04 23:00:00+00:00,0.3,VALID,,,0.847344,VALID,Critical,CRITICAL_ALARM: Sensor data missing or invalid
2026-02-05 01:00:00+00:00,0.3,VALID,,,0.847344,VALID,Critical,CRITICAL_ALARM: Sensor data missing or invalid
2026-02-05 02:00:00+00:00,0.3,VALID,,,0.847344,VALID,Critical,CRITICAL_ALARM: Sensor data missing or invalid
2026-02-05 03:00:00+00:00,0.3,VALID,,,0.847344,VALID,Critical,CRITICAL_ALARM: Sensor data missing or invalid
2026-02-05 05:00:00+00:00,0.3,VALID,,,0.845312,VALID,Critical,CRITICAL_ALARM: Sensor data missing or invalid
2026-02-05 06:00:00+00:00,0.27499999999999997,VALID,,,0.844296,VALID,Critical,CRITICAL_ALARM: Sensor data missing or invalid
2026-02-05 07:00:00+00:00,0.25,VALID,,,0.844296,VALID,Critical,CRITICAL_ALARM: Sensor data missing or invalid
2026-02-05 09:00:00+00:00,0.20000000000000004,VALID,,,0.844296,VALID,Critical,CRITICAL_ALARM: Sensor data missing or invalid
2026-02-05 10:00:00+00:00,0.20000000000000004,VALID,,,0.843788,VALID,Critical,CRITICAL_ALARM: Sensor data missing or invalid
2026-02-05 11:00:00+00:00,0.20000000000000004,VALID,,,0.8415020000000001,VALID,Critical,CRITICAL_ALARM: Sensor data missing or invalid
2026-02-05 13:00:00+00:00,0.18333333333333335,VALID,,,0.8412479999999999,VALID,Critical,CRITICAL_ALARM: Sensor data missing or invalid
2026-02-05 14:00:00+00:00,0.17500000000000002,VALID,,,0.843534,VALID,Critical,CRITICAL_ALARM: Sensor data missing or invalid
2026-02-05 15:00:00+00:00,0.19166666666666668,VALID,,,0.847344,VALID,Critical,CRITICAL_ALARM: Sensor data missing or invalid
2026-02-05 17:00:00+00:00,0.20833333333333334,VALID,,,0.8465820000000001,VALID,Critical,CRITICAL_ALARM: Sensor data missing or invalid
2026-02-05 18:00:00+00:00,0.3,VALID,,,0.844804,VALID,Critical,CRITICAL_ALARM: Sensor data missing or invalid
2026-02-05 19:00:00+00:00,0.3,VALID,,,0.844296,VALID,Critical,CRITICAL_ALARM: Sensor data missing or invalid
2026-02-05 21:00:00+00:00,0.2916666666666667,VALID,,,0.844296,VALID,Critical,CRITICAL_ALARM: Sensor data missing or invalid
2026-02-05 22:00:00+00:00,0.2833333333333333,VALID,,,0.844296,VALID,Critical,CRITICAL_ALARM: Sensor data missing or invalid
2026-02-05 23:00:00+00:00,0.2833333333333333,VALID,,,0.844296,VALID,Critical,CRITICAL_ALARM: Sensor data missing or invalid
2026-02-06 01:00:00+00:00,0.24166666666666667,VALID,,,0.84455,VALID,Critical,CRITICAL_ALARM: Sensor data missing or invalid
2026-02-06 02:00:00+00:00,0.26666666666666666,VALID,,,0.845058,VALID,Critical,CRITICAL_ALARM: Sensor data missing or invalid
2026-02-06 03:00:00+00:00,0.2916666666666667,VALID,,,0.844296,VALID,Critical,CRITICAL_ALARM: Sensor data missing or invalid
2026-02-06 05:00:00+00:00,0.25833333333333336,VALID,,,0.843534,VALID,Critical,CRITICAL_ALARM: Sensor data missing or invalid
2026-02-06 06:00:00+00:00,0.225,VALID,,,0.8412479999999999,VALID,Critical,CRITICAL_ALARM: Sensor data missing or invalid
2026-02-06 07:00:00+00:00,0.21666666666666667,VALID,,,0.8412479999999999,VALID,Critical,CRITICAL_ALARM: Sensor data missing or invalid
2026-02-06 09:00:00+00:00,0.20000000000000004,VALID,,,0.8382000000000001,VALID,Critical,CRITICAL_ALARM: Sensor data missing or invalid
2026-02-06 10:00:00+00:00,0.20000000000000004,VALID,,,0.8379460000000001,VALID,Critical,CRITICAL_ALARM: Sensor data missing or invalid
2026-02-06 11:00:00+00:00,0.20000000000000004,VALID,,,0.8351520000000002,VALID,Critical,CRITICAL_ALARM: Sensor data missing or invalid
2026-02-06 13:00:00+00:00,0.11666666666666668,VALID,,,0.8364220000000001,VALID,Critical,CRITICAL_ALARM: Sensor data missing or invalid
2026-02-06 14:00:00+00:00,0.10000000000000002,VALID,,,0.83947,VALID,Critical,CRITICAL_ALARM: Sensor data missing or invalid
2026-02-06 15:00:00+00:00,0.16666666666666666,VALID,,,0.8412479999999999,VALID,Critical,CRITICAL_ALARM: Sensor data missing or invalid
2026-02-06 17:00:00+00:00,0.20000000000000004,VALID,,,0.838962,VALID,Critical,CRITICAL_ALARM: Sensor data missing or invalid
2026-02-06 18:00:00+00:00,0.20000000000000004,VALID,,,0.8382000000000001,VALID,Critical,CRITICAL_ALARM: Sensor data missing or invalid
2026-02-06 19:00:00+00:00,0.20000000000000004,VALID,,,0.8382000000000001,VALID,Critical,CRITICAL_ALARM: Sensor data missing or invalid
2026-02-06 21:00:00+00:00,0.20000000000000004,VALID,,,0.838454,VALID,Critical,CRITICAL_ALARM: Sensor data missing or invalid
2026-02-06 22:00:00+00:00,0.20000000000000004,VALID,,,0.8412479999999999,VALID,Critical,CRITICAL_ALARM: Sensor data missing or invalid
2026-02-06 23:00:00+00:00,0.20000000000000004,VALID,,,0.8412479999999999,VALID,Critical,CRITICAL_ALARM: Sensor data missing or invalid
2026-02-07 01:00:00+00:00,0.20000000000000004,VALID,,,0.8440420000000001,VALID,Critical,CRITICAL_ALARM: Sensor data missing or invalid
2026-02-07 02:00:00+00:00,0.20000000000000004,VALID,,,0.8412479999999999,VALID,Critical,CRITICAL_ALARM: Sensor data missing or invalid
2026-02-07 03:00:00+00:00,0.20000000000000004,VALID,,,0.8412479999999999,VALID,Critical,CRITICAL_ALARM: Sensor data missing or invalid
2026-02-07 05:00:00+00:00,0.20000000000000004,VALID,,,0.8392160000000001,VALID,Critical,CRITICAL_ALARM: Sensor data missing or invalid
2026-02-07 06:00:00+00:00,0.20000000000000004,VALID,,,0.839724,VALID,Critical,CRITICAL_ALARM: Sensor data missing or invalid
2026-02-07 07:00:00+00:00,0.20000000000000004,VALID,,,0.839724,VALID,Critical,CRITICAL_ALARM: Sensor data missing or invalid
2026-02-07 09:00:00+00:00,0.17500000000000002,VALID,,,0.8407399999999999,VALID,Critical,CRITICAL_ALARM: Sensor data missing or invalid
2026-02-07 10:00:00+00:00,0.17500000000000002,VALID,,,0.838708,VALID,Critical,CRITICAL_ALARM: Sensor data missing or invalid
2026-02-07 11:00:00+00:00,0.11666666666666668,VALID,,,0.8359140000000002,VALID,Critical,CRITICAL_ALARM: Sensor data missing or invalid
2026-02-07 13:00:00+00:00,0.10000000000000002,VALID,,,0.8338820000000001,VALID,Critical,CRITICAL_ALARM: Sensor data missing or invalid
2026-02-07 14:00:00+00:00,0.10000000000000002,VALID,,,0.834898,VALID,Critical,CRITICAL_ALARM: Sensor data missing or invalid
2026-02-07 15:00:00+00:00,0.10000000000000002,VALID,,,0.838454,VALID,Critical,CRITICAL_ALARM: Sensor data missing or invalid
2026-02-07 17:00:00+00:00,0.20000000000000004,VALID,,,0.8552179999999999,VALID,Critical,CRITICAL_ALARM: Sensor data missing or invalid
2026-02-07 18:00:00+00:00,0.20000000000000004,VALID,,,0.851662,VALID,Critical,CRITICAL_ALARM: Sensor data missing or invalid
2026-02-07 19:00:00+00:00,0.20833333333333334,VALID,,,0.848868,VALID,Critical,CRITICAL_ALARM: Sensor data missing or invalid
2026-02-07 21:00:00+00:00,0.25833333333333336,VALID,,,0.845058,VALID,Critical,CRITICAL_ALARM: Sensor data missing or invalid
2026-02-07 22:00:00+00:00,0.25,VALID,,,0.843026,VALID,Critical,CRITICAL_ALARM: Sensor data missing or invalid
2026-02-07 23:00:00+00:00,0.20000000000000004,VALID,,,0.838962,VALID,Critical,CRITICAL_ALARM: Sensor data missing or invalid
2026-02-08 01:00:00+00:00,0.20000000000000004,VALID,,,0.8392160000000001,VALID,Critical,CRITICAL_ALARM: Sensor data missing or invalid
2026-02-08 02:00:00+00:00,0.20000000000000004,VALID,,,0.8369300000000001,VALID,Critical,CRITICAL_ALARM: Sensor data missing or invalid
2026-02-08 03:00:00+00:00,0.20000000000000004,VALID,,,0.8354060000000002,VALID,Critical,CRITICAL_ALARM: Sensor data missing or invalid
2026-02-08 05:00:00+00:00,0.20000000000000004,VALID,,,0.830326,VALID,Critical,CRITICAL_ALARM: Sensor data missing or invalid
2026-02-08 06:00:00+00:00,0.20000000000000004,VALID,,,0.8277860000000001,VALID,Critical,CRITICAL_ALARM: Sensor data missing or invalid
2026-02-08 07:00:00+00:00,0.20000000000000004,VALID,,,0.8249920000000001,VALID,Critical,CRITICAL_ALARM: Sensor data missing or invalid
2026-02-08 09:00:00+00:00,0.16666666666666666,VALID,,,0.818896,VALID,Critical,CRITICAL_ALARM: Sensor data missing or invalid
2026-02-08 10:00:00+00:00,0.13333333333333333,VALID,,,0.818134,VALID,Critical,CRITICAL_ALARM: Sensor data missing or invalid
2026-02-08 11:00:00+00:00,0.10000000000000002,VALID,,,0.818896,VALID,Critical,CRITICAL_ALARM: Sensor data missing or invalid
2026-02-08 13:00:00+00:00,0.10000000000000002,VALID,,,0.8216900000000001,VALID,Critical,CRITICAL_ALARM: Sensor data missing or invalid
2026-02-08 14:00:00+00:00,0.10000000000000002,VALID,,,0.8257540000000002,VALID,Critical,CRITICAL_ALARM: Sensor data missing or invalid
2026-02-08 15:00:00+00:00,0.10000000000000002,VALID,,,0.8323580000000002,VALID,Critical,CRITICAL_ALARM: Sensor data missing or invalid
2026-02-08 17:00:00+00:00,0.20000000000000004,VALID,,,0.8633460000000001,VALID,Critical,CRITICAL_ALARM: Sensor data missing or invalid
2026-02-08 18:00:00+00:00,0.25,VALID,,,0.8755380000000001,VALID,Critical,CRITICAL_ALARM: Sensor data missing or invalid
2026-02-08 19:00:00+00:00,0.2916666666666667,VALID,,,0.865886,VALID,Critical,CRITICAL_ALARM: Sensor data missing or invalid
2026-02-08 21:00:00+00:00,0.3,VALID,,,0.84836,VALID,Critical,CRITICAL_ALARM: Sensor data missing or invalid
2026-02-08 22:00:00+00:00,0.3,VALID,,,0.8458200000000001,VALID,Critical,CRITICAL_ALARM: Sensor data missing or invalid
2026-02-08 23:00:00+00:00,0.2916666666666667,VALID,,,0.84328,VALID,Critical,CRITICAL_ALARM: Sensor data missing or invalid
2026-02-09 01:00:00+00:00,0.20833333333333334,VALID,,,0.840232,VALID,Critical,CRITICAL_ALARM: Sensor data missing or invalid
2026-02-09 02:00:00+00:00,0.20000000000000004,VALID,,,0.8374380000000001,VALID,Critical,CRITICAL_ALARM: Sensor data missing or invalid
2026-02-09 03:00:00+00:00,0.20000000000000004,VALID,,,0.8333740000000001,VALID,Critical,CRITICAL_ALARM: Sensor data missing or invalid
2026-02-09 05:00:00+00:00,0.20000000000000004,VALID,,,0.8224520000000001,VALID,Critical,CRITICAL_ALARM: Sensor data missing or invalid
2026-02-09 06:00:00+00:00,0.20000000000000004,VALID,,,0.8168639999999999,VALID,Critical,CRITICAL_ALARM: Sensor data missing or invalid
2026-02-09 07:00:00+00:00,0.17500000000000002,VALID,,,0.8125460000000001,VALID,Critical,CRITICAL_ALARM: Sensor data missing or invalid
2026-02-09 09:00:00+00:00,0.10000000000000002,VALID,,,0.806196,VALID,Critical,CRITICAL_ALARM: Sensor data missing or invalid
2026-02-09 10:00:00+00:00,0.10000000000000002,VALID,,,0.804672,VALID,Critical,CRITICAL_ALARM: Sensor data missing or invalid
2026-02-09 11:00:00+00:00,0.10000000000000002,VALID,,,0.804672,VALID,Critical,CRITICAL_ALARM: Sensor data missing or invalid
2026-02-09 13:00:00+00:00,0.10000000000000002,VALID,,,0.80518,VALID,Critical,CRITICAL_ALARM: Sensor data missing or invalid
2026-02-09 14:00:00+00:00,0.10000000000000002,VALID,,,0.8092440000000001,VALID,Critical,CRITICAL_ALARM: Sensor data missing or invalid
2026-02-09 15:00:00+00:00,0.10000000000000002,VALID,,,0.818134,VALID,Critical,CRITICAL_ALARM: Sensor data missing or invalid
2026-02-09 17:00:00+00:00,0.20000000000000004,VALID,,,0.8417560000000001,VALID,Critical,CRITICAL_ALARM: Sensor data missing or invalid
2026-02-09 18:00:00+00:00,0.26666666666666666,VALID,,,0.8366760000000001,VALID,Critical,CRITICAL_ALARM: Sensor data missing or invalid
2026-02-09 19:00:00+00:00,0.31666666666666665,VALID,,,0.830326,VALID,Critical,CRITICAL_ALARM: Sensor data missing or invalid
2026-02-09 21:00:00+00:00,0.3,VALID,,,0.8229600000000001,VALID,Critical,CRITICAL_ALARM: Sensor data missing or invalid
2026-02-09 22:00:00+00:00,0.3,VALID,,,0.819658,VALID,Critical,CRITICAL_ALARM: Sensor data missing or invalid
2026-02-09 23:00:00+00:00,0.3,VALID,,,0.820928,VALID,Critical,CRITICAL_ALARM: Sensor data missing or invalid
2026-02-10 01:00:00+00:00,0.27499999999999997,VALID,,,0.8214359999999999,VALID,Critical,CRITICAL_ALARM: Sensor data missing or invalid
2026-02-10 02:00:00+00:00,0.25,VALID,,,0.8221980000000001,VALID,Critical,CRITICAL_ALARM: Sensor data missing or invalid
2026-02-10 03:00:00+00:00,0.20000000000000004,VALID,,,0.8224520000000002,VALID,Critical,CRITICAL_ALARM: Sensor data missing or invalid
2026-02-10 05:00:00+00:00,0.20000000000000004,VALID,,,0.819912,VALID,Critical,CRITICAL_ALARM: Sensor data missing or invalid
2026-02-10 06:00:00+00:00,0.20000000000000004,VALID,,,0.818896,VALID,Critical,CRITICAL_ALARM: Sensor data missing or invalid
2026-02-10 07:00:00+00:00,0.20000000000000004,VALID,,,0.8171180000000001,VALID,Critical,CRITICAL_ALARM: Sensor data missing or invalid
2026-02-10 09:00:00+00:00,0.20000000000000004,VALID,,,0.819404,VALID,Critical,CRITICAL_ALARM: Sensor data missing or invalid
2026-02-10 10:00:00+00:00,0.20000000000000004,VALID,,,0.819404,VALID,Critical,CRITICAL_ALARM: Sensor data missing or invalid
2026-02-10 11:00:00+00:00,0.20000000000000004,VALID,,,0.819912,VALID,Critical,CRITICAL_ALARM: Sensor data missing or invalid
2026-02-10 13:00:00+00:00,0.20000000000000004,VALID,,,0.819658,VALID,Critical,CRITICAL_ALARM: Sensor data missing or invalid
2026-02-10 14:00:00+00:00,0.20000000000000004,VALID,,,0.819404,VALID,Critical,CRITICAL_ALARM: Sensor data missing or invalid
2026-02-10 15:00:00+00:00,0.20000000000000004,VALID,,,0.81915,VALID,Critical,CRITICAL_ALARM: Sensor data missing or invalid
2026-02-10 17:00:00+00:00,0.225,VALID,,,0.818896,VALID,Critical,CRITICAL_ALARM: Sensor data missing or invalid
2026-02-10 18:00:00+00:00,0.3,VALID,,,0.81915,VALID,Critical,CRITICAL_ALARM: Sensor data missing or invalid
2026-02-10 19:00:00+00:00,0.3,VALID,,,0.8216900000000001,VALID,Critical,CRITICAL_ALARM: Sensor data missing or invalid
2026-02-10 21:00:00+00:00,0.3,VALID,,,0.8249920000000001,VALID,Critical,CRITICAL_ALARM: Sensor data missing or invalid
2026-02-10 22:00:00+00:00,0.3,VALID,,,0.8260080000000002,VALID,Critical,CRITICAL_ALARM: Sensor data missing or invalid
2026-02-10 23:00:00+00:00,0.3,VALID,,,0.8260080000000002,VALID,Critical,CRITICAL_ALARM: Sensor data missing or invalid
2026-02-11 01:00:00+00:00,0.24166666666666667,VALID,,,0.8288020000000001,VALID,Critical,CRITICAL_ALARM: Sensor data missing or invalid
2026-02-11 02:00:00+00:00,0.26666666666666666,VALID,,,0.83058,VALID,Critical,CRITICAL_ALARM: Sensor data missing or invalid
2026-02-11 03:00:00+00:00,0.26666666666666666,VALID,,,0.8315960000000001,VALID,Critical,CRITICAL_ALARM: Sensor data missing or invalid
2026-02-11 05:00:00+00:00,0.27499999999999997,VALID,,,0.8321040000000001,VALID,Critical,CRITICAL_ALARM: Sensor data missing or invalid
2026-02-11 06:00:00+00:00,0.27499999999999997,VALID,,,0.8318500000000001,VALID,Critical,CRITICAL_ALARM: Sensor data missing or invalid
2026-02-11 07:00:00+00:00,0.25,VALID,,,0.8308340000000002,VALID,Critical,CRITICAL_ALARM: Sensor data missing or invalid
2026-02-11 09:00:00+00:00,0.20833333333333334,VALID,,,0.8288020000000001,VALID,Critical,CRITICAL_ALARM: Sensor data missing or invalid
2026-02-11 10:00:00+00:00,0.20000000000000004,VALID,,,0.8282940000000001,VALID,Critical,CRITICAL_ALARM: Sensor data missing or invalid
2026-02-11 11:00:00+00:00,0.20000000000000004,VALID,,,0.8280400000000001,VALID,Critical,CRITICAL_ALARM: Sensor data missing or invalid
2026-02-11 13:00:00+00:00,0.20000000000000004,VALID,,,0.8282940000000001,VALID,Critical,CRITICAL_ALARM: Sensor data missing or invalid
2026-02-11 14:00:00+00:00,0.20000000000000004,VALID,,,0.8290560000000001,VALID,Critical,CRITICAL_ALARM: Sensor data missing or invalid
2026-02-11 15:00:00+00:00,0.20000000000000004,VALID,,,0.830326,VALID,Critical,CRITICAL_ALARM: Sensor data missing or invalid
2026-02-11 17:00:00+00:00,0.3,VALID,,,0.8318500000000001,VALID,Critical,CRITICAL_ALARM: Sensor data missing or invalid
2026-02-11 18:00:00+00:00,0.325,VALID,,,0.8321040000000001,VALID,Critical,CRITICAL_ALARM: Sensor data missing or invalid
2026-02-11 19:00:00+00:00,0.39166666666666666,VALID,,,0.834898,VALID,Critical,CRITICAL_ALARM: Sensor data missing or invalid
2026-02-11 21:00:00+00:00,0.4000000000000001,VALID,,,0.8374380000000001,VALID,Critical,CRITICAL_ALARM: Sensor data missing or invalid
2026-02-11 22:00:00+00:00,0.35000000000000003,VALID,,,0.8382000000000001,VALID,Critical,CRITICAL_ALARM: Sensor data missing or invalid
2026-02-11 23:00:00+00:00,0.3,VALID,,,0.839978,VALID,Critical,CRITICAL_ALARM: Sensor data missing or invalid
2026-02-12 01:00:00+00:00,0.3333333333333333,VALID,,,0.8440420000000001,VALID,Critical,CRITICAL_ALARM: Sensor data missing or invalid
2026-02-12 02:00:00+00:00,0.3666666666666667,VALID,,,0.8440420000000001,VALID,Critical,CRITICAL_ALARM: Sensor data missing or invalid
2026-02-12 03:00:00+00:00,0.4000000000000001,VALID,,,0.844296,VALID,Critical,CRITICAL_ALARM: Sensor data missing or invalid
2026-02-12 05:00:00+00:00,0.4000000000000001,VALID,,,0.8440420000000001,VALID,Critical,CRITICAL_ALARM: Sensor data missing or invalid
2026-02-12 06:00:00+00:00,0.4000000000000001,VALID,,,0.8440420000000001,VALID,Critical,CRITICAL_ALARM: Sensor data missing or invalid
2026-02-12 07:00:00+00:00,0.4000000000000001,VALID,,,0.8440420000000001,VALID,Critical,CRITICAL_ALARM: Sensor data missing or invalid
2026-02-12 09:00:00+00:00,0.4000000000000001,VALID,,,0.8455659999999999,VALID,Critical,CRITICAL_ALARM: Sensor data missing or invalid
2026-02-12 10:00:00+00:00,0.4000000000000001,VALID,,,0.8455659999999999,VALID,Critical,CRITICAL_ALARM: Sensor data missing or invalid
2026-02-12 11:00:00+00:00,0.4000000000000001,VALID,,,0.8465820000000001,VALID,Critical,CRITICAL_ALARM: Sensor data missing or invalid
2026-02-12 13:00:00+00:00,0.38333333333333336,VALID,,,0.8460740000000001,VALID,Critical,CRITICAL_ALARM: Sensor data missing or invalid
2026-02-12 14:00:00+00:00,0.35833333333333334,VALID,,,0.846836,VALID,Critical,CRITICAL_ALARM: Sensor data missing or invalid
2026-02-12 15:00:00+00:00,0.3416666666666666,VALID,,,0.847598,VALID,Critical,CRITICAL_ALARM: Sensor data missing or invalid
2026-02-12 17:00:00+00:00,0.3666666666666667,VALID,,,0.851916,VALID,Critical,CRITICAL_ALARM: Sensor data missing or invalid
2026-02-12 18:00:00+00:00,0.38333333333333336,VALID,,,0.853186,VALID,Critical,CRITICAL_ALARM: Sensor data missing or invalid
2026-02-12 19:00:00+00:00,0.38333333333333336,VALID,,,0.85344,VALID,Critical,CRITICAL_ALARM: Sensor data missing or invalid
2026-02-12 21:00:00+00:00,0.4000000000000001,VALID,,,0.85471,VALID,Critical,CRITICAL_ALARM: Sensor data missing or invalid
2026-02-12 22:00:00+00:00,0.4000000000000001,VALID,,,0.853186,VALID,Critical,CRITICAL_ALARM: Sensor data missing or invalid
2026-02-12 23:00:00+00:00,0.38333333333333336,VALID,,,0.85344,VALID,Critical,CRITICAL_ALARM: Sensor data missing or invalid
2026-02-13 01:00:00+00:00,0.3666666666666667,VALID,,,0.85471,VALID,Critical,CRITICAL_ALARM: Sensor data missing or invalid
2026-02-13 02:00:00+00:00,0.39166666666666666,VALID,,,0.856488,VALID,Critical,CRITICAL_ALARM: Sensor data missing or invalid
2026-02-13 03:00:00+00:00,0.325,VALID,,,0.857504,VALID,Critical,CRITICAL_ALARM: Sensor data missing or invalid
2026-02-13 05:00:00+00:00,0.3083333333333333,VALID,,,0.858012,VALID,Critical,CRITICAL_ALARM: Sensor data missing or invalid
2026-02-13 06:00:00+00:00,0.3333333333333333,VALID,,,0.8587739999999999,VALID,Critical,CRITICAL_ALARM: Sensor data missing or invalid
2026-02-13 07:00:00+00:00,0.3,VALID,,,0.859028,VALID,Critical,CRITICAL_ALARM: Sensor data missing or invalid
2026-02-13 09:00:00+00:00,0.3,VALID,,,0.8605520000000001,VALID,Critical,CRITICAL_ALARM: Sensor data missing or invalid
2026-02-13 10:00:00+00:00,0.27499999999999997,VALID,,,0.8602979999999999,VALID,Critical,CRITICAL_ALARM: Sensor data missing or invalid
2026-02-13 11:00:00+00:00,0.21666666666666667,VALID,,,0.8587739999999999,VALID,Critical,CRITICAL_ALARM: Sensor data missing or invalid
2026-02-13 13:00:00+00:00,0.20000000000000004,VALID,,,0.8554720000000001,VALID,Critical,CRITICAL_ALARM: Sensor data missing or invalid
2026-02-13 14:00:00+00:00,0.20000000000000004,VALID,,,0.86106,VALID,Critical,CRITICAL_ALARM: Sensor data missing or invalid
2026-02-13 15:00:00+00:00,0.20000000000000004,VALID,,,0.859536,VALID,Critical,CRITICAL_ALARM: Sensor data missing or invalid
2026-02-13 17:00:00+00:00,0.2833333333333333,VALID,,,0.851662,VALID,Critical,CRITICAL_ALARM: Sensor data missing or invalid
2026-02-13 18:00:00+00:00,0.3,VALID,,,0.851916,VALID,Critical,CRITICAL_ALARM: Sensor data missing or invalid
2026-02-13 19:00:00+00:00,0.35000000000000003,VALID,,,0.852932,VALID,Critical,CRITICAL_ALARM: Sensor data missing or invalid
2026-02-13 21:00:00+00:00,0.3666666666666667,VALID,,,0.856742,VALID,Critical,CRITICAL_ALARM: Sensor data missing or invalid
2026-02-13 22:00:00+00:00,0.4000000000000001,VALID,,,0.859282,VALID,Critical,CRITICAL_ALARM: Sensor data missing or invalid
2026-02-13 23:00:00+00:00,0.39166666666666666,VALID,,,0.86106,VALID,Critical,CRITICAL_ALARM: Sensor data missing or invalid
2026-02-14 01:00:00+00:00,0.4000000000000001,VALID,,,0.86233,VALID,Critical,CRITICAL_ALARM: Sensor data missing or invalid
2026-02-14 02:00:00+00:00,0.4166666666666667,VALID,,,0.8620760000000001,VALID,Critical,CRITICAL_ALARM: Sensor data missing or invalid
2026-02-14 03:00:00+00:00,0.4000000000000001,VALID,,,0.86233,VALID,Critical,CRITICAL_ALARM: Sensor data missing or invalid
2026-02-14 05:00:00+00:00,0.4000000000000001,VALID,,,0.862584,VALID,Critical,CRITICAL_ALARM: Sensor data missing or invalid
2026-02-14 06:00:00+00:00,0.42500000000000004,VALID,,,0.863854,VALID,Critical,CRITICAL_ALARM: Sensor data missing or invalid
2026-02-14 07:00:00+00:00,0.4000000000000001,VALID,,,0.8656320000000001,VALID,Critical,CRITICAL_ALARM: Sensor data missing or invalid
2026-02-14 09:00:00+00:00,0.4000000000000001,VALID,,,0.8656320000000001,VALID,Critical,CRITICAL_ALARM: Sensor data missing or invalid
2026-02-14 10:00:00+00:00,0.4000000000000001,VALID,,,0.8656320000000001,VALID,Critical,CRITICAL_ALARM: Sensor data missing or invalid
2026-02-14 11:00:00+00:00,0.4000000000000001,VALID,,,0.8656320000000001,VALID,Critical,CRITICAL_ALARM: Sensor data missing or invalid
2026-02-14 13:00:00+00:00,0.3083333333333333,VALID,,,0.8653779999999999,VALID,Critical,CRITICAL_ALARM: Sensor data missing or invalid
2026-02-14 14:00:00+00:00,0.27499999999999997,VALID,,,0.865886,VALID,Critical,CRITICAL_ALARM: Sensor data missing or invalid
2026-02-14 15:00:00+00:00,0.25,VALID,,,0.8602979999999999,VALID,Critical,CRITICAL_ALARM: Sensor data missing or invalid
2026-02-14 17:00:00+00:00,0.3,VALID,,,0.856742,VALID,Critical,CRITICAL_ALARM: Sensor data missing or invalid
2026-02-14 18:00:00+00:00,0.39166666666666666,VALID,,,0.857504,VALID,Critical,CRITICAL_ALARM: Sensor data missing or invalid
2026-02-14 19:00:00+00:00,0.4000000000000001,VALID,,,0.8620760000000001,VALID,Critical,CRITICAL_ALARM: Sensor data missing or invalid
2026-02-14 21:00:00+00:00,0.4166666666666667,VALID,,,0.8694420000000002,VALID,Critical,CRITICAL_ALARM: Sensor data missing or invalid
2026-02-14 22:00:00+00:00,0.4083333333333334,VALID,,,0.8724900000000001,VALID,Critical,CRITICAL_ALARM: Sensor data missing or invalid
2026-02-14 23:00:00+00:00,0.4083333333333334,VALID,,,0.8747760000000001,VALID,Critical,CRITICAL_ALARM: Sensor data missing or invalid
2026-02-15 01:00:00+00:00,0.4583333333333333,VALID,,,0.8745220000000001,VALID,Critical,CRITICAL_ALARM: Sensor data missing or invalid
2026-02-15 02:00:00+00:00,0.5416666666666666,VALID,,,0.872236,VALID,Critical,CRITICAL_ALARM: Sensor data missing or invalid
2026-02-15 03:00:00+00:00,0.6666666666666666,VALID,,,0.8714740000000001,VALID,Critical,CRITICAL_ALARM: Sensor data missing or invalid
2026-02-15 05:00:00+00:00,0.8000000000000002,VALID,,,0.8712200000000001,VALID,Critical,CRITICAL_ALARM: Sensor data missing or invalid
2026-02-15 06:00:00+00:00,0.7583333333333333,VALID,,,0.8714740000000001,VALID,Critical,CRITICAL_ALARM: Sensor data missing or invalid
2026-02-15 07:00:00+00:00,0.6666666666666666,VALID,,,0.8717280000000001,VALID,Critical,CRITICAL_ALARM: Sensor data missing or invalid
2026-02-15 09:00:00+00:00,0.6,VALID,,,0.8745220000000001,VALID,Critical,CRITICAL_ALARM: Sensor data missing or invalid
2026-02-15 10:00:00+00:00,0.6,VALID,,,0.8747760000000001,VALID,Critical,CRITICAL_ALARM: Sensor data missing or invalid
2026-02-15 11:00:00+00:00,0.6,VALID,,,0.8752840000000001,VALID,Critical,CRITICAL_ALARM: Sensor data missing or invalid
2026-02-15 13:00:00+00:00,0.525,VALID,,,0.877824,VALID,Critical,CRITICAL_ALARM: Sensor data missing or invalid
2026-02-15 14:00:00+00:00,0.5083333333333333,VALID,,,0.878332,VALID,Critical,CRITICAL_ALARM: Sensor data missing or invalid
2026-02-15 15:00:00+00:00,0.5,VALID,,,0.8806180000000001,VALID,Critical,CRITICAL_ALARM: Sensor data missing or invalid
2026-02-15 17:00:00+00:00,0.5,VALID,,,0.8841740000000001,VALID,Critical,CRITICAL_ALARM: Sensor data missing or invalid
2026-02-15 18:00:00+00:00,0.44166666666666665,VALID,,,0.88773,VALID,Critical,CRITICAL_ALARM: Sensor data missing or invalid
2026-02-15 19:00:00+00:00,0.4000000000000001,VALID,,,0.8902700000000001,VALID,Critical,CRITICAL_ALARM: Sensor data missing or invalid
2026-02-15 21:00:00+00:00,0.4166666666666667,VALID,,,0.895858,VALID,Critical,CRITICAL_ALARM: Sensor data missing or invalid
2026-02-15 22:00:00+00:00,0.4000000000000001,VALID,,,0.8986520000000001,VALID,Critical,CRITICAL_ALARM: Sensor data missing or invalid
2026-02-15 23:00:00+00:00,0.4083333333333334,VALID,,,0.9017,VALID,Critical,CRITICAL_ALARM: Sensor data missing or invalid
2026-02-16 01:00:00+00:00,0.44166666666666665,VALID,,,0.9098280000000001,VALID,Critical,CRITICAL_ALARM: Sensor data missing or invalid
2026-02-16 02:00:00+00:00,0.5,VALID,,,0.9133840000000001,VALID,Critical,CRITICAL_ALARM: Sensor data missing or invalid
2026-02-16 03:00:00+00:00,0.5333333333333333,VALID,,,0.9177019999999999,VALID,Critical,CRITICAL_ALARM: Sensor data missing or invalid
2026-02-16 05:00:00+00:00,0.5583333333333333,VALID,,,0.9276080000000001,VALID,Critical,CRITICAL_ALARM: Sensor data missing or invalid
2026-02-16 06:00:00+00:00,0.5916666666666667,VALID,,,0.931164,VALID,Critical,CRITICAL_ALARM: Sensor data missing or invalid
2026-02-16 07:00:00+00:00,0.6,VALID,,,0.9352280000000001,VALID,Critical,CRITICAL_ALARM: Sensor data missing or invalid
2026-02-16 09:00:00+00:00,0.6,VALID,,,0.940816,VALID,Critical,CRITICAL_ALARM: Sensor data missing or invalid
2026-02-16 10:00:00+00:00,0.6,VALID,,,0.9420860000000001,VALID,Critical,CRITICAL_ALARM: Sensor data missing or invalid
2026-02-17 01:00:00+00:00,0.6,VALID,,,,,Critical,CRITICAL_ALARM: Sensor data missing or invalid
2026-02-17 02:00:00+00:00,0.6083333333333333,VALID,,,,,Critical,CRITICAL_ALARM: Sensor data missing or invalid
2026-02-17 03:00:00+00:00,0.5583333333333333,VALID,,,,,Critical,CRITICAL_ALARM: Sensor data missing or invalid
2026-02-17 04:00:00+00:00,0.5333333333333333,VALID,160.556256,VALID,,,Critical,CRITICAL_ALARM: Sensor data missing or invalid
2026-02-17 05:00:00+00:00,0.47500000000000003,VALID,,,,,Critical,CRITICAL_ALARM: Sensor data missing or invalid
2026-02-17 06:00:00+00:00,0.39999999999999997,VALID,,,,,Critical,CRITICAL_ALARM: Sensor data missing or invalid
2026-02-17 07:00:00+00:00,0.31666666666666665,VALID,,,,,Critical,CRITICAL_ALARM: Sensor data missing or invalid
2026-02-17 08:00:00+00:00,0.26666666666666666,VALID,165.93644799999998,VALID,,,Critical,CRITICAL_ALARM: Sensor data missing or invalid
2026-02-17 09:00:00+00:00,0.20833333333333334,VALID,,,,,Critical,CRITICAL_ALARM: Sensor data missing or invalid
2026-02-17 10:00:00+00:00,0.20833333333333334,VALID,,,,,Critical,CRITICAL_ALARM: Sensor data missing or invalid
2026-02-17 11:00:00+00:00,0.18333333333333335,VALID,,,,,Critical,CRITICAL_ALARM: Sensor data missing or invalid
2026-02-17 12:00:00+00:00,0.18333333333333335,VALID,170.750304,VALID,,,Critical,CRITICAL_ALARM: Sensor data missing or invalid
2026-02-17 13:00:00+00:00,0.18333333333333335,VALID,,,,,Critical,CRITICAL_ALARM: Sensor data missing or invalid
2026-02-17 14:00:00+00:00,0.20833333333333334,VALID,,,,,Critical,CRITICAL_ALARM: Sensor data missing or invalid
2026-02-17 15:00:00+00:00,0.21666666666666667,VALID,,,,,Critical,CRITICAL_ALARM: Sensor data missing or invalid
2026-02-17 16:00:00+00:00,0.27499999999999997,VALID,174.997824,VALID,,,Critical,CRITICAL_ALARM: Sensor data missing or invalid
2026-02-17 17:00:00+00:00,0.325,VALID,,,,,Critical,CRITICAL_ALARM: Sensor data missing or invalid
2026-02-17 18:00:00+00:00,0.4166666666666667,VALID,,,,,Critical,CRITICAL_ALARM: Sensor data missing or invalid
2026-02-17 19:00:00+00:00,0.5333333333333333,VALID,,,,,Critical,CRITICAL_ALARM: Sensor data missing or invalid
2026-02-17 20:00:00+00:00,0.6,VALID,190.288896,VALID,,,Critical,CRITICAL_ALARM: Sensor data missing or invalid
2026-02-17 21:00:00+00:00,0.6749999999999999,VALID,,,,,Critical,CRITICAL_ALARM: Sensor data missing or invalid
2026-02-17 22:00:00+00:00,0.7416666666666667,VALID,,,,,Critical,CRITICAL_ALARM: Sensor data missing or invalid
2026-02-17 23:00:00+00:00,0.8500000000000001,VALID,,,,,Critical,CRITICAL_ALARM: Sensor data missing or invalid
2026-02-18 00:00:00+00:00,0.9500000000000001,VALID,190.57206399999998,VALID,,,Critical,CRITICAL_ALARM: Sensor data missing or invalid
2026-02-18 01:00:00+00:00,0.9833333333333334,VALID,,,,,Critical,CRITICAL_ALARM: Sensor data missing or invalid
2026-02-18 02:00:00+00:00,0.8916666666666667,VALID,,,,,Critical,CRITICAL_ALARM: Sensor data missing or invalid
2026-02-18 03:00:00+00:00,0.75,VALID,,,,,Critical,CRITICAL_ALARM: Sensor data missing or invalid
2026-02-18 04:00:00+00:00,0.5916666666666667,VALID,195.38592,VALID,,,Critical,CRITICAL_ALARM: Sensor data missing or invalid
2026-02-18 05:00:00+00:00,0.48333333333333334,VALID,,,,,Critical,CRITICAL_ALARM: Sensor data missing or invalid
2026-02-18 06:00:00+00:00,0.45,VALID,,,,,Critical,CRITICAL_ALARM: Sensor data missing or invalid
2026-02-18 07:00:00+00:00,0.4166666666666667,VALID,,,,,Critical,CRITICAL_ALARM: Sensor data missing or invalid
2026-02-18 08:00:00+00:00,0.38333333333333336,VALID,202.181952,VALID,,,Critical,CRITICAL_ALARM: Sensor data missing or invalid
2026-02-18 09:00:00+00:00,0.3666666666666667,VALID,,,,,Critical,CRITICAL_ALARM: Sensor data missing or invalid
2026-02-18 10:00:00+00:00,0.375,VALID,,,,,Critical,CRITICAL_ALARM: Sensor data missing or invalid
2026-02-18 11:00:00+00:00,0.3416666666666666,VALID,,,,,Critical,CRITICAL_ALARM: Sensor data missing or invalid
2026-02-18 12:00:00+00:00,0.3333333333333333,VALID,210.393824,VALID,,,Critical,CRITICAL_ALARM: Sensor data missing or invalid
2026-02-18 13:00:00+00:00,0.3666666666666667,VALID,,,,,Critical,CRITICAL_ALARM: Sensor data missing or invalid
2026-02-18 14:00:00+00:00,0.325,VALID,,,,,Critical,CRITICAL_ALARM: Sensor data missing or invalid
